Comment,Sentiment_Score,Sentiment_Category
jakarta parking elektronik pakai e-money flazz brizzi kartu-kartu yg masuk tol,-3,Negative
bayar pakek gopaydana opo sopipay,-2,Negative
pembayaran gampang pakai qris,1,Positive
gak bismillah bisaaa,4,Positive
wkwk berharap parikir motor ponorogo jawa timur 1000 amin,1,Positive
kadang rencana ngasih ribu trus tau ga dikembaliin malih ga hehehehe,-2,Negative
inggih kadang kaum ibu2 belanja tdk klo 5 10 rb,2,Positive
pakai uang tunai kak bayarnya,3,Positive
ponorogo hebat,0,Neutral
bener,2,Positive
mantull,0,Neutral
sing parkire rapi,6,Positive
oh iyo ben macak kegawe anggaran e,0,Neutral
mbok ngnoooo ben parkir motor gak 2rb,1,Positive
purwokerto banyumas parkir motor esih 1000,1,Positive
si sdm,0,Neutral
poin pertanggung 3 gak berani tanggung pajak masuk akal,-6,Negative
jajal 10tahun kas tibake sdm e sek podo,-4,Negative
suka konsep perlahanlahan ponorogo go digital,2,Positive
si satir,-1,Negative
chuaks,0,Neutral
kasihan jukir tua ga paham aplikasinya,-3,Negative
baguslah jd gak merugikan masyarakat kecilâ gak sesuka hati kasih tarif udh peraturan yg tulis jalan2 berapa2 parkir motor mobil,3,Positive
layo ngono mbokan moso parker motor 2k,0,Neutral
nguyoh ae 2000 ngasi parkir 1000,1,Positive
dijak maju gk gelem ngko eparking wes jalan gnti komen mbok yo ngne ket biyen,0,Neutral
biasane emg gt mas yaa tau ponorogo terobosan bayare pake qris,-5,Negative
gak enak langsung jukir,4,Positive
berdasarkan keputusan gubernur jawa timur nomor 188889kpts0132022 upah minimum kabupatenkota jawa timur 2023 upah minimum kabupaten ponorogo 2023 rp214970945 akeh bayaran sg sak ngisore iku biaya hidup e ng ponorogo jan tenan fasilitas sih apik yo iku pendapatan masyarakat e ben iso munggah iku kudu wehi solusi sek moco enek komen sg kecepeten 10 setuju iku inarat ne buta map,-12,Negative
setujuu,0,Neutral
setuju poll min ben tukang parkir i ogak sak kuarepe dw tandang wegah bayar 2000 jane ra sepiro sih lek nyatane kendaraan e awakdewe ra diamankan ki ngwei duit parkir ki yo marai mangkel,-6,Negative
nggih leres setuju,1,Positive
mening iki minjelas piro2 ne tarife la mso diweii sewu lambene mecocong ae,0,Neutral
1 arah sempit ponorogo hebat,-7,Negative
oh iya yg pake qris jakarta semoga aja ponorogo pake qris,1,Positive
sdm rendah coba kaya gitu,-4,Negative
ngangge diamond mas,3,Positive
masookk,0,Neutral
sing dek mben nggremeng parkir larangkui lo ws kabulne ben reti nek parkir gur sewu,7,Positive
kasih 1rb koin ngomel2 lumayan tuabiasa kalo tukang parkir tua kasih,-4,Negative
bagus positif,2,Positive
parkir neng etan alon ki maeng dijaluki 2000 sikan min,5,Positive
taman jalan mengganggu bahu jalan parkir jalan terwagu,2,Positive
salfok karo tulisan parkir penitipan trus nk motore ilang karcis parkire gratis,0,Neutral
"diharapkan hal, gaji lelucon. dituntut serba canggih, kaya kaya, miskin menderita. umr seimbang. gaji pas-pasan. benar, capek capek mencari kerja. sedih gaji rata-rata. semangat pejuang rupiah",-10,Negative
bagus menghindari parkir liar bayar liar,-3,Negative
bayar pake cash pake emoney kedepannya,0,Neutral
setuju,1,Positive
up,0,Neutral
bayare pake opo min tf opo pake emoney,0,Neutral
payung ngarepe smp6 kae iso nganti dicem,0,Neutral
"digaji rakyat, difasilitasi mewah rakyat, bekerjalah melayani rakyat. permudahlah urusan rakyat kemampuan dimiliki, teknologi canggih. sesuaikanlah gaji fasilitas pejabat nikmati kemudahan fasilitas rakyat mudah adil semua.",5,Positive
sipp maju,0,Neutral
jajal admine moro gawe video singkat pembayaran e parking ben kabeh ruh,-9,Negative
,0,Neutral
sisan dalane raya didandani kecamatan pelosok,-3,Negative
seumpama mertamu masuk gang parkirnya didepan toko biaya parkir,-6,Negative
aneh aneh tau sdm stuck kecepeten 10 taun,-9,Negative
kacau,0,Neutral
alhamdullilah ponorogo maju mending kasih uang 2000 kasih kembalian,1,Positive
kalo pake motor mending bawa masuk gang ae kalo pake mobil ya resikonya parkir diliat gang,-8,Negative
yuk yuuk,8,Positive
ketok e gawe kartu sih koyo mlebu nek tol,0,Neutral
jajal sek ae mas mengko kenek dikaji meneh cocok opo orane metode parkir ngono iku,-6,Negative
sipbuat ngurangi pungli,0,Neutral
halah berhenti diterapkan,-5,Negative
wealah ngono digenahne,0,Neutral
gae latihan lurr bn iso mumpuni sdm e,-2,Negative
huahuahuahahahaha,0,Neutral
parkir e ojo neng pinggir ndalan sisan gek dipalang ne ngunu ae genio,1,Positive
,0,Neutral
lhadalaaah,0,Neutral
hehe,0,Neutral
kenal karo sing ndi,6,Positive
mlio boro useln motor mobil sak e,-1,Negative
susah men,-3,Negative
parkir diribet-ribet in,1,Positive
parkir e mbayar nopo mboten,1,Positive
setujuuuuuâ hilangkan tukang parkir,-1,Negative
kaya antri pom gak,0,Neutral
jan wkkwkw,0,Neutral
coba selidiki mini uangnya masuk kemana,-2,Negative
ewarteg gk enek to min,-4,Negative
nek arep mbayar angsuran harian piye bos nek wis ngono kui,0,Neutral
piye ta kih,-6,Negative
byuuuh giniya kene enek lho eneme padang,-4,Negative
lhaaaa,0,Neutral
sik urung parkir,-4,Negative
shodaqoh ng masjid ae maton drpd shodaqoh tp grundel mslhnya brg gk pakek parkir maton prayo malih grundel,4,Positive
jane yo ngono karepku yo asline gk onok gunane parkir yo mapakne dw pas arep ngalih jaluk duit,4,Positive
setujuuuu,0,Neutral
ribet pemuda mengerti kondisi masyarakat ponorogo diterapkan jalan nggak cari muka ide ribet kacau. tolong cari muka,-14,Negative
tetep cak cek biar ga nunggu,-5,Negative
tukang parkir sing ra enek karcise 2k trus ra gelem noto ruh ruh nagih auto ketar ketir,-3,Negative
gelem natakne motor iso2 ngewei kerdus ben gak kepanasen motor e nek gur moro2 nagih duit tok gak gelem natakne motor yo enak temen kerjone,1,Positive
trus complain ng sopo ngene ki jal,0,Neutral
hospot aja ibukku bingung scan scan to miiin,1,Positive
keburu macet,-3,Negative
mugo2 alat eparkir kui iso setting parkir 10 menit gratiskejadian koyo awakmu ben ora terulang,-2,Negative
,0,Neutral
ayok mas solo digae ngunu,2,Positive
malih dadi selebgram ngene tibake,0,Neutral
juru parkir sing meresahkan yoiku bayar 2 ribu gak disusuki bayar sewu gak diseberangne sakjane aturan parkir terbaru piro ya,7,Positive
halah dalan ombo digae sak arah mbasan wes sak arah mek gae parkerr marai macet tok,-11,Negative
cari rokol eceran pakai aplikasi. cari makan susah nambah disusahkan parkir. parkir pakai hp gathel po pye,-8,Negative
mlebu toilet gekne engising,0,Neutral
memper sulit tukang parkir tua,-5,Negative
pergi kang parkir,-1,Negative
sistemnya enak dikasih ribu trus langsung gas,2,Positive
pokok padamu pakbu semerintah arep digawe pie ae sing ngene iki ttep manot,5,Positive
disuruh pergi,-4,Negative
poneh montor dipapane ora agek didelehne wes diparani tukang parkir nyebrangne yo ora biangeten,-7,Negative
haha kandani kdg maune gk onok wayah arep ngalih muncul,-2,Negative
yo mugo ae la nk minimal 10mnit ngono yo gpopobareng 5mnit ae msok yo kon byr parkir ng surya bayar parkir ng kasir hdeh,-3,Negative
setujjuuuu polll drpada baku hantam trus kro tukang parkirpas teko g enek sg nyambut pas arep muleh tukang parkir pdo kruyuk teko kyo laronn,-11,Negative
ribet cuk,-4,Negative
krungu krungu pasar lanang iku ameh digae parkiran mobil ngono min jane cocok lo kui,2,Positive
iya sih piye ya kak bingungne terah gawa kanca wae kak kon nek motor,1,Positive
ndaraku ya ngono,4,Positive
sing durung kulina,5,Positive
meresahkan piye lur,-7,Negative
watduuuh lha piye penake kak,-3,Negative
laaaah ya tekan konoooo nele piye ta kih,-4,Negative
sing durung kulina penak e parking,5,Positive
wkwkwkwk tau arep baku hantam,-11,Negative
lho emang yg bener parkir karcisnya karcis nggak pas parkir lha duit gelap,1,Positive
waah,0,Neutral
pakku tuek min hpne 3315 gawene ngopi ng kno,3,Positive
la aq karo anakq lo bos pdhl ankq numpak ng motor mlh ng surya byr parkir e ng kasir hdeh parah,-1,Negative
keburu lari,-5,Negative
wealah susah,-3,Negative
wealah jare arep dadi taman mall pelayanan public arep dadi parkiran saikilika liku pasar lanang,4,Positive
wealah sih ngendi nek ngopi ya karo kowe ora,4,Positive
lari duluan gimana,-2,Negative
ijen gawene losss,0,Neutral
tugase kui ngko nyapo min wes enek eparking sek dilibatkan,-4,Negative
memudahkan orang cashless,2,Positive
weh ngono ya kak,4,Positive
lha iku ngoperasikan alate iku sing dicekel iku lho,5,Positive
weh piye ta e ditokne dhewe,-6,Negative
"orang pulang aja antri dulu, nunggu beli bensin",1,Positive
piye pek,-3,Negative
sing tenang kak,9,Positive
piye kak penak sing ndi,2,Positive
mbayangne ae nek metu barang seng teko bareng tukang parkir e kiro polah e piye,-4,Negative
nyekel parkir daerah ngendi mas,1,Positive
umpama blonjone neng kono masgeg gowoo mobil trus parkir ngendi,6,Positive
"butuhnya cepat atur,disebrangin jukir keburu antri kerjaannya menata montor",-5,Negative
beh kaget,0,Neutral
aq eling ngono pegel ae bos wes susu gk kelangan bayar parkir kono kene,-2,Negative
diatur gimana hemmm,0,Neutral
lhadalaaah mall pelayanan dudu mall blanjan,3,Positive
penak sing ndi jane kih,5,Positive
,0,Neutral
dijajal,0,Neutral
siji ae min lek iso samsat kae gratis parkir e,5,Positive
ak nang jepang min,-5,Negative
gae scan qr code qris wae mbayar e,0,Neutral
oke deh rpp onok kemajuan,2,Positive
team mlipir nyimak sek menowo isek enek celah,-6,Negative
iya sih ya tau og golek barang ndak ya kudu shodaqoh sing sabar kak ben lancar rejekine,12,Positive
watduuuuh ngono ya,4,Positive
sik tos sik,0,Neutral
piye carane kuwi sing zuzah,2,Positive
seksek alesane ribet oke masuk akal tp nek penghasilan menurun aneh ya maleh,-4,Negative
biasanenek uji coba iku bakale evaluasi formalitas negri konoha biasane ngunu,2,Positive
penak eparkir pengalamanku bayar sesuai aturan kenek plilikan mripate tukang parkir ngono ngueece karo ngguyuarep taat aturan susyah tenan,3,Positive
lhaaa,0,Neutral
hmmhehe pokok ora jotos jotosan,-8,Negative
heheh enek sing berpendapat soale wayah ngurusi sing arep metu 2 sing siji urung kecandhak wis mlayu dhisik mungking ngono,6,Positive
okeeeee,0,Neutral
semoga iso dadi apike kabeh,-2,Negative
lha kadesnya gimana kak ndak info,-6,Negative
po yo iso dikontrol nek manual wkwkwk,3,Positive
mugo2 dudu mung alesan nek penghasile berkurang gara2 setoran e neng dishub akeh wkwkwk,4,Positive
ono ono wae saiki peraturan anyr dadak e parkir,4,Positive
penak ra penak min,0,Neutral
intine gelem maju opo mundur,0,Neutral
parkir pcc aja dikelola ketiga,2,Positive
jaman digital sdm ya upgrade tujuan pemkab modernisasi utk meminimalisir kebocoran pad bertambah,-3,Negative
yg jlas ditertibkan jukir yg ngentolan udh jlas trtulis perda tarif parkir brp seenak e parkir sbnrnya bagus mudah udh terbiasa menghindari kebocoran pad jg yuk maju yuk ponorogo hebat,10,Positive
maaf setau sy klo jalan desa masuk cover dana desa jd lgsg kantor desa,3,Positive
desa nya pungli pakini heran jalan masuk desa2 yg semen kerumah aja yg belom,-1,Negative
asli br 3 pindah ktp dsni sprtinya org pasrah2 sajaini udh bertahun2 gada perubahan sm,4,Positive
info sblm pandemi dibangun sekrg blm ad perubahan sm,-4,Negative
manual tech dadak gae noz barang,3,Positive
giegerno ae,0,Neutral
bolak minn,0,Neutral
jane lk podo bingung mending mlaku ae,-1,Negative
blas ketoke min,0,Neutral
bisanya bantu doa pakai lektronik semoga upah tukang parkir disesuaikan gak agal pas pakai karcis,-1,Negative
menolak penghasilannya gak kelong akeh,-4,Negative
iso jaman berkembang kabeh2 serba elektronik jd yo kudu adaptasi,0,Neutral
penak eparkir bayare parkir murah min,2,Positive
enak e parkir aja tukang parkir yg ga ngapa in ehh uang wkwk,2,Positive
wes kono lurr piye karepe,-3,Negative
jukir nolak eparkir kene yo nolak mparkir podo nolak e akhire gk sido mbayar,0,Neutral
klo alasannya berkurangnya pad daerah pasang aja banner foto viralkan jukir yg karcis udah gitu aja jukir ketar ketir ribet pake elektronik,2,Positive
alasannya emang jukir setor uang pemda gak sesuai target kemarin yg matok 15k mobil lebaran,4,Positive
kyok sistim gacoan surya swalayan bayar parkirnya kasir kebocoran tarif e podo tur ora dislewengke,-7,Negative
seribu brogua parkir mobil gua kasi 10ribu gua dikasi kembalian e kaburmending sistem langsung masuk kas daerah,-11,Negative
protes kesusahan pakai alat elektronik yasudah biar diganti anak anak muda lulusan menganggur,-22,Negative
lhadalaa,0,Neutral
la,0,Neutral
kyk gak ikhlas gt ya terkesan maksa kyk maling kalo bca kasih 2rb dikasih kembalian 1rb kalo ditempat sekitaran hos cokroaminoto gak dikasih kembalian daerah balong dikasih 2rb jg ga dikasih kembalian,12,Positive
ikhlas gag ikhlastp kejujuran perda dah ngatur tarif parkir tukang parkir dikasi 10ribu gag ngasi kembalian elektronik kerja sesuai sop yg,6,Positive
gt bro mksd q ak kalo mtor dikasih 2rb diem aja pdhal dtmpat 1rb diem klo 2rb ad yg ngasih kmbalian kyk gak ikhlas gt lho berasa dipalak ajakalo setuju tarif aja yg dipinggir jalan,4,Positive
tiwas e parkir neng hos cokroaminoto mending e parkir e dikekne pasar legi lk luwih cocok,6,Positive
panggah cilik seng gae susah,-3,Negative
mesti lek gae aturan mendadak dadi keteteran opo meneh tuek umur 50th wes gak nutut,-1,Negative
bagusan e parkir dana yg masuk maksimal tp klau lhat tren pemerintah uang2 dr pendapatan pajak rawan d oknum2 jd aja intinya uang nya gak tau kmana,-7,Negative
mengurangi penghasilan ketoro jukir nakal,-5,Negative
tukang parkir parah alun2 pilih parkir motor bayar 5000 opo ngaleh ra gelem ngalih o piye lo kiih,-12,Negative
mambengi 3000 sak motor neng festival lur,4,Positive
iki pakai karcis nek sadurunge manualan akeh sing ora ta masaku kabeh mandaran,-3,Negative
okeeee kakak semangat,3,Positive
wis ora melu saiki sing ngurusi kancane roy karo anak buahe agus yayat,-1,Negative
oke siaaap ngono tertib,4,Positive
aq pilih elektronik ae min wis males ngadepi jukir sg diwei sewu ditampani diwei rongewu ra dijujuli ayo dishub galakkan eparkir aja,-1,Negative
okeee awakmu tim elektronik ya kak ben tertib ya,6,Positive
sek proses luurr jenenge perubahan jaman kabeh kudu beradaptasi eparkir sy setuju disatu sisi muaranya tdk pengentolan harga parkir,6,Positive
minn menawii dirimu ngerti dalan ngarep omahku kokk wenehi plang e dishub kiro2 opo selawase yaa minn lokasi rsu muhammadiyah tambak bayan ngulon minn,-6,Negative
mending parkir manual bayar e tetep 1000 parkiran kab ponorogo,-2,Negative
garis bawahi tebali mengurangi penghasilan ya klo niat pakai eparking mbok iyo to jukir bimtek latih ben gak bingung,2,Positive
naaah benul wis jajal eparkir durung kak,-4,Negative
mergone nek parkir eletronik kertase ora iso dirubah 2000 3000,-2,Negative
enak pakai e parkir kayakny,2,Positive
kak pasange,0,Neutral
ngene jane ya masuk wae lur ya piye jare jalarane merga enek sing ngenthol barang ki komen dhuwur kunu gari gelem tertib tarife ora,5,Positive
paham niku minn sing enjing jam2 8an dereng kepasang lhaa sonten niki wau kokk mpun entenn rambu stop s dishub,5,Positive
kayane ya wis diwenehi lur ya butuh penyesuaian ya muga muga isa lancar,12,Positive
lhadalah iki anu nek iki,-3,Negative
siaaap awakmu tim elektronik ya kak,0,Neutral
jane eparkir i cocok e gae lahan seh enek khusus parkir koyo mall toserba utowo pasar lek peruntukan gae lahan parkir terbukapinggir ratan i cocok soale mesti ribet tp lek manual ya sek akeh jukir seh nakal mboh bingung,-8,Negative
rekayasa lalin kayane ya enek acara ning jalan alun alun sih lor iku ben lancar ngono,2,Positive
hooh sih bener lhaaaa dadi awakmu tim manual parkir kak,-1,Negative
tau ngerti to duit 2000 2 ne dicoret dadi 3000,-4,Negative
tau lali nggone ngendi lur sing kaya ngono wi,-3,Negative
mbenjeng,0,Neutral
enak eparking,1,Positive
iyass,0,Neutral
rodok bahaya lek iki,-5,Negative
okai kak,0,Neutral
awakmu tim kak manual elektronik,-4,Negative
banaya piye kak,-3,Negative
oke awakmu tim elektronik ya kak alesane kak,2,Positive
kono kono aturen ra mangan gapuro,0,Neutral
iki lo min seng gaene parkir ng sekolah lek mbayar mbenjeng mbenjeng ae,4,Positive
byuh gapura ngendi ikidadi pilih manual eletronik no,-6,Negative
wes gaiso parkir liar neh min parkire,1,Positive
weh cash bon,2,Positive
wehehe salah siji alesane enek e parkir kayane iku kak,-7,Negative
iki sak eroh ku lo ya teko kuto sing wis ono eparking gak ribet pembayarane soale g atek duwek ngetap kartu luwih higienis luwih tertib pembayarane soale tertera area ne ugo tukang parkir penghasilane luwih iso dijagakno soale digajibln paham karepe podo enake awake dewe pemakai jasa parkir jukir lan pemkab masalahe saiki ponorogo wis tah gawe ngelaksanakno sosialisasi opo wis masyarakat kabeh ngerti gawe rambu ae dadak sik ngenteni kejadian marka jalan akeh sing durung dibenah garis hilangpudar owalah ojo grusa grusu,15,Positive
agus yayat kecekel silop min,0,Neutral
panggah penak manual sat set,0,Neutral
hooh parkiran enek 2 panggon siji dicekel kancane roy sijine dicekel anak buahe gawane agus,-7,Negative
okeee awakmu tim manual ya lur,0,Neutral
naaaaah iku sik uji coba bakale dievaluasi sik,2,Positive
eh sik sik pengahasilane yabukane wes digaji to minkok paham ak,0,Neutral
lha kuwi sik uji coba lak sik hasil kayane,5,Positive
penak nk parkir ra sah bayartrus jukire digaji pemerintah ngono,1,Positive
minkalau lapor ttg pembangunan jalan didesa gmna ya minsaya tinggal sawoo desa aja yg gak bangun jalan nya desa dbangun,5,Positive
aq bolone tukang parkir,-1,Negative
kalo persulit permudah auk ah elap,0,Neutral
kampungan,-5,Negative
bos berek,3,Positive
teknologi melebihi akal sehat 2023 ngurus surat2 nek kantor deso ae kon foto copy ektp kog parkir pake elektronic,7,Positive
mugo ae nek khilangan tmpt parkir ganti 100 hehe,1,Positive
maleh gk minat dolan rno min,4,Positive
ngurusi urusan sing gak urgent,5,Positive
r ndwe e money,0,Neutral
manual,0,Neutral
semangatt,0,Neutral
tu klo ga ditindak lanjutin ga adil,1,Positive
luweh ikhlas duit sewu rongewu nggeh kang parkir tinimbang diakali nduwuran sing eneeeng ae carane gawe proposal alat eparkir ben amrih cair dana ne,13,Positive
pendapatku tetep penak parkir gratis,5,Positive
alhamdulilah semangat gak bayar eparking kalo baiklah lihat terimakasih waalaikumsalam,14,Positive
nyuen nyuen i lakon,-3,Negative
pendapat ku apik lor mergo ben ora hasil dr prkir langsng disetor ne nge apbd ngo bangun2 op kono ben ponorogo luweh maju dlm segla,0,Neutral
tuku alat modern jalanan berlubang nambal gak,-4,Negative
ebesss,0,Neutral
dadi netizen tenan saki wani ngritikwkwk,0,Neutral
lawong pegel lo mas,0,Neutral
lanjutkan,1,Positive
kokean tetek bengek ra karuan sek menak jaman bien rono rene cepet ora macet ora ubengan,-10,Negative
parkir gacoan sih uanehhhhh muesti ga enek uang kembalian muesti,-5,Negative
2000pyakeh kae sing 500010000,5,Positive
lahan kususne kota lahane kusus rodok angelkakean omah dllgelem py parkir ombo neng lapangan kodimtrs acarane neng alun2,11,Positive
yoo diomongii aturane 1000 lo nek gak ngnu karo muleh butuhw diwei 5000 masaku ket jaman disek yo tekan 5000 parkire,-4,Negative
kesel ngangkutingko biaya nehtukang angkut2,-5,Negative
diomongi jawabelione yo limang ewulak ra gelem bayarojo parkir ne kenepy trusan,1,Positive
5000 jga pas acara nek sya yo maklum trah gowo mobil motor lempit yo gk kenek mas maaf hnya berpendat,5,Positive
berpendapat,0,Neutral
aji mumpung to maktrs gunane perdabisa diubah trgantung sikongt to,0,Neutral
trus kemana mas aturan perda sudh tapii urus sekrg parkirnya dilahan pemilik cnth didalam pizza hut iya bilang aturan perda la lahan la tempatku lo mas sya yo bayar pajak koyo gk ngerti ponrogo ae mas akua 2000 aji mumpung kadang yo didol 5000,1,Positive
tujuan dr postingan iki yo ikueparkirutk lbh menertibkan parkirjd jgn mikirehalah mandak rong ewu ae kokla 2000 x loopo neh sing 5000 xbrapa kali lipat sdgkan yg kekota ora mesti arep ne alun2 tokkadang arep tuku klambipo neh pas bododilok neng toko atoko btoko cneng alun2mergo gak cocok pakianepiliane dllla kui ws muni lo parkirekadang mulih sik rung opo sing digolekimuk bayar2 pkr aja,13,Positive
e parkingo yo tetep mbayar mas marai ya iku lo mas fikirane bedo bedo mas pomokno tok a b c d sampek z urung temu bajune yo tetep bayar 1000 peng intine dilempit mawon mas kendraane,-1,Negative
pake emoney aja tinggal tap gitu enak pakai qr code,0,Neutral
lohla ra byr ki pydg eparkirmungkin lbh trtib lagilak bayar 2000 yo 2000krn wis dideteksi ama mesin tsbmungkin lo ya,2,Positive
mas merka lahan yo mengupkan biaya parkir lo contoh raya poper luwes pcc lahan ya aji mumpung intinya smga dilncarkan riskinya sedekah parkir 1000 rupiah diwehne ngan ngnu diwei 1000 sek nesu parkir 2000 ora mbok wei susuk mesti muni matursuwun opo meneh seng mbok wei mbah mbah tuwk mesti ditambah ngantos ngatos mas mbak,-6,Negative
laah tonggo ku ngono an,0,Neutral
cocok,1,Positive
alun alun ya d kasih e parkir,6,Positive
yg lahan ndiri dibahaskn yg dbhas td ttg etilangya jls yg hubnya dg pemda wakmisalnya yo parkir ne jln hosalun2,1,Positive
sepemikiran request diluar nalar bmkg,0,Neutral
anu e mas parkir ng lapangan nko mlaku ng gon tujuan e puenak requestmu diluar nalar bmkg lahan e ndak ono full omah,-2,Negative
setujuopo meneh sing gaene blojo bahan kadang toko satune kosong pindah toko liyanesik kas sak nyuk an ae parkir barang sing goleki durung,5,Positive
nya pindah negara gimana,-2,Negative
ribet komen ndk msuknakal mending diam,-7,Negative
sui sui kno e toilet barang iki ngko,0,Neutral
mbok ngono ojo bawa uang banyak2 mbk in 2ribu aja,-1,Negative
fungsi trotoar pejalan kaki angkringan,0,Neutral
jukir jenenge berek ngasi bingung kwi lodiwarai ngasi isa,0,Neutral
bayare tetep gae tunai min,3,Positive
maar nih melenceng topik info obat penghilang strechmark,-9,Negative
ya allah,9,Positive
sing nek parkir mobil gede opo truk yo pikir kancane no ben ora ngebek i dalan ngono kae,3,Positive
la ngono kwi mbayare pie moso ws gae alat kyo dc mbayare sik manualyo podo ae boong dongsak ora2ne gae kertu,-4,Negative
etil ae mbalik manualkok njajal liyane,0,Neutral
wes ketebak endinge,0,Neutral
cobain deh mba produk ampuh banget say produknyaa strechmark parah setelh pemakaian rutin ga strechmarkan lagii deh mba,0,Neutral
e parking keharusan,0,Neutral
dpn sebrang pizzahut pernh parkirmobil 10 rb g disusuki,0,Neutral
sip lanjutkan,1,Positive
emang beneran ampuh nih mba udah bpom mba nihh,0,Neutral
hla iyo lopo meneh jukir e sing tuwo contone bapakkupiye trus an,5,Positive
udh tua bgaimna dongksiann ga ngrti gituan,-7,Negative
iyessetuju biar biaya parkir tarifnya jelaskadang gak dikasih kembalian,1,Positive
iyaa iya mba bpom ampuh nih strechmark bekas lahiran hilang memudar pakai produk,5,Positive
sek sek lha iki bayare gawe opo ta gess qris,-3,Negative
ngakak,-2,Negative
rakyat kantong pegawai pajak,1,Positive
iya mba bpom ampuh strechmark bekas lahiran hilang memudar pakai produk,5,Positive
iku bayare gawe qris iso opo gawe kartu emoney,0,Neutral
mikir gawe alat kui mbok mikir nang engon parkir sing luas ura nang pinggir dalan kiwo tengen garai sempit dalane wes kelongi kanggo trotoar sakmno ombone yo gone parkir sik ng pinggir dalan pok ae to yo yo macet,-16,Negative
tuku mainan neng boro2 parker 5000,4,Positive
rakyat bayar pad pad,-2,Negative
kakean polah dana pembangunan monumen reog pemerintahannya cari dana jalanan gt penggunaan eparking alokasikan emang lahan parking dipingir jalan gt,2,Positive
siplanjutkan,0,Neutral
yok iso yok kuto kuto gede wes lumrah banget eparkir saiki gilirane ponorogo iso nyusul ketertinggalan,1,Positive
ditertibkan tukang parking byk yg ga jlas dksh 1000 2000 2000 ga dikembalikan5000 jg,-2,Negative
nek bayare tunai tetep panggah isaw up,3,Positive
wajar sehari tau berkelanjutan efek kedepannya,-3,Negative
bernasib karo etilang,0,Neutral
parkir alon alon timur pizza hut 10 ribu 10 ribu kali brapa ratus mobil hasilnya ngerti dewe,2,Positive
pemerintah yo kudu ngomongi tukang parkire kerjone ojo mung nompo duite tok njogo lan merapikan kendaraan sing tenanan lan ngarahne kendaraan sing arep mlebu metu,8,Positive
adaptasi,2,Positive
ribet eparking mending kasih fasilitas lahan khusus parkir biar gak parkir dipinggir jalan yg solutif gituloo,-6,Negative
dana bocor korupsi duwuran,-4,Negative
jalannya parkir telortoarnya jualanmantap,1,Positive
nyapo g gawe gedung parkir kei boom gate secure p centre park iss ngunu ngidul e gawe ya modif ben nyaman bayar e becak iku soko parkir retribusi parkir gedung moco 9 omset parkir iku ono akeh pilihan pembayaran gak gawe aplikasi maneh ngembek ngebek i hp tpi lek kur dilut parkir pinggir dalan ae limit 7 menit luwih soko iku angkut nang gedung parkir,-3,Negative
ya ditolakdia gak duit tambhan pemasukandan rawan pungliklo sdh pungli preman,-1,Negative
lbh anyel barang yg dicari gak adadan muter nyetori parkir,1,Positive
pelan pelan,0,Neutral
kadang suka heran kokkota bingung memperlebar jalan klo bingung mempersempit jalanente kadang2 ya,10,Positive
tp nek gonq seikhlase bos yg minimal sesuai perda yg berlakumanualklo gone erepane pean gmn bos,4,Positive
tp nek gonq seikhlase minimal sesuai perda tp jg ngono podo kesadarane seikhlase podo abotmalahan motor 5rb nang seputaran alunpodo gelem,-5,Negative
gk ribet nih min jal lek ruame,-4,Negative
iyaa kadang belanja keperluan gag parkir,8,Positive
aneh e,0,Neutral
kakean rengkek min parkir 2000 ae bodo umek ae ngurusi kuii mbok tukang parkire djak ngurusi samlah sampah opo ditambahi pengahasilane ben karo nyapu ratan merwat bunga seng neng pinggur pinggir dalan kae gae wes enek patugase nyatane samlah yo sek numpuk neng endi endi,-13,Negative
ga berlaku,0,Neutral
jukirnya training,0,Neutral
seng sabar ya jukir,9,Positive
teknologi msa kadang yg muda aja yg gaptek apalgi bpk2 jukir ekstra utk belajar lgi,8,Positive
kaboten setor paleng wkwwkwk,0,Neutral
ya kaboten setor jugakan jukir ndk indo kebanyakan berumurya kalo berumur sekolah ndak papa baca lha kalo dak sekolah ya kasian,7,Positive
alasan wae,0,Neutral
apik,0,Neutral
rumit cuan nya 2kmotor skrng 1kmotor,-5,Negative
nice,4,Positive
bner,0,Neutral
kebiasaan 2 ribu dapetnya,0,Neutral
ya jukirnya sepuh wajar sih kalo bilang rimit,0,Neutral
pakai tas biar gampang bawa nya,-3,Negative
ora iso ngentit,-3,Negative
sek durung terbiasa suwe2 karek merem iso,1,Positive
coboy,0,Neutral
iku masalahe ki nggur durung kulino ae,0,Neutral
koment ter cakeeep,0,Neutral
lanjutkan eparkingsampek berlaku tenanan pokokemengurangi parkir ilegalangger mandek endi enggon kenek parkir motor 2kbasamu wes nompo duite ditinggal ngalihmboko ditulisane motor 1ktetep dikon mbayar 2k,0,Neutral
pas ono konser denny caknan karo mnc tv poro jukir iso gae ngredit motor ngertio difkir fkir sakjane yo mesakke dilain sisi greget yo lur,3,Positive
lhaa ndalahpodo sek ngenes awakmu wae parkir mobil ning ngarep pendopo ditarik 2000gek blas karcis ngono kui piye jal indonesia arep dijak maju angel to mbalek maneh nang sdm,-15,Negative
kalo alesan ribet ya belajar kalo gak ribet ya ganti pekerjaan gantiin kerja,8,Positive
regenerasi ae ga sihh,0,Neutral
mlampah wae nek mboten purun parkir ngono wae og bingung,1,Positive
ribet sg ribet kw kui wg djak penak kg angel negoro kog arep maju djak pnak ae modelan ngene ki sg garai ra maju2,-8,Negative
wkwkwk parkir e akeh yo adek lahan parkir piye masuk ra,-1,Negative
ben,0,Neutral
arep komen bak e ws enek sng muni,-4,Negative
y tukang parkir nolak y setorkan hasil beda,0,Neutral
yo jukire wae seng ganti,0,Neutral
lek raiso gawe alataplikasi ne ganti sg enom kualitas sdm updated,1,Positive
pensiun,-3,Negative
tenaga yg nganggur,0,Neutral
terwakilkan twrnyata,0,Neutral
orang yg menolak kemajuan mengeluarkan alasan yg ribet susah,-11,Negative
,0,Neutral
pas e parking 2 ribukemaren gak e parking 3 ribu,3,Positive
lucu,1,Positive
gak tau lahparkir manual seng ngentit jukirla ko gawe e parkir seng mangannek podo ora transparan yo ora ush wenei parkirwong duwe motormobil yo wis mbayar pajekkok yo sek mbayar parkiraneeehhh toooo,-6,Negative
masyarakat ora menolak jukir tok sing nolak,-2,Negative
gasssss,0,Neutral
sing muni rumat rumit dicutik ae suwen,0,Neutral
ribet opo emang moh belajar padene ben mbalik manual meneh,-1,Negative
setuju banget lek diterapno gawe kebaikan,6,Positive
parkir nang ngarep latansa duit 10rb arep ora disusukiduit e lebokne kantong lsgdikiro kene ra ngerti pd etok2 berpaling mukamboso dienteni duit etok2 digoleki seng 10rbdelalah nang tumbukan duite enek 10rbdi iya i wae trs agi disusuki,-17,Negative
duduk seng nang latar e latansa lo yaseng dalan hoskan parkire dewe2 iku,-5,Negative
nek ra gelem dadi jukir munduro aenek maju2 keterak motor ngko,0,Neutral
kalo pakek eparking kena brpa permotor,-3,Negative
motor diwalik e ora,-3,Negative
kadang diwei 5 ewu gak jujul alasan gak ketok ngamal,3,Positive
parkir kemarin masjid alon2 acara senam paud 5k tdk karcis parkir,5,Positive
lanjutkan e parkir â biar pad,0,Neutral
jukir setornya dinas perhubungan bulandan dipatok tarif setornyacara ngentitnya gimana ya mbak,4,Positive
jenenge belajar ki yo alon2 urung2 wis sambat,0,Neutral
mbok yo nng poper pisan kek i e parkingangger rono pas parkire ngalahno kota,2,Positive
la nggeh to mbak bener jukir resmi iku ya e setor ya setorannya enak men bilang ngentit pendapatan daerah parkir pas acara kemarin kasih tarif mahal orang tukang parkir resmi,19,Positive
pie ale ngentit mas la jukir iku ya ya bayar setoran ndek dishub lo,6,Positive
setoran e sesuai dishub ta e,0,Neutral
emmm no komen mbk nopo nolak,-2,Negative
bener bayar sg dibayar karo pemasukan e bedo wkwkw pengunjung parkir kebanyakan ga diwei karcis karcis e maleh dadi akal akal ane jukir sg senengane main pungli,6,Positive
seng dibayar teng dishub niku nggeh sampun target kaleh kantor e lo mas ng setoran e mawon nggeh golek i e wonge mas,2,Positive
okaayy,0,Neutral
nyuwun sewu parkir pinggir jalan kados jalan hos niku tarif bayare pinten geh sakniki tirose enten sing roda 2 2000 roda 4 5000 nopo leres soale nembe dek wingi pas badene parkir mboten enten sing mapakne moso bade wasul langsung diparani gek bayar 5000 biasane disusuk i 2000 mboten nggeh leres menawi eparking dipun terap aken damel antisipasi pungli jukir meniko,4,Positive
ng alunalun 3k,0,Neutral
kalo acara 5k kaum pelajar keberatan,1,Positive
laiyoo mayan ya 5 ewu kenek gawe tuku jus opo pentol goreng wkwkw,4,Positive
nek ruwet pecat ae jukir e,-9,Negative
padine ra iso ngutel ae kakean alasan ribet pegel ki motor ra kapakne nk parkir yo sek panggha jaluki duwek parkir nk ngaleh,-2,Negative
ribet penghasilan jukir berkurang drastis ayoo gas kemajuan eperkir aja,-10,Negative
jukire sepuh,-2,Negative
wkwkwkwk,0,Neutral
no comment urusane pusat,3,Positive
jukir emg cm dikenai wajib setor klo e parking gak gitu konsepnya,-3,Negative
iya eparking aja karna lbih tertib ga marai emosi soale marai emosi jukir sg diwei 1000 tpi ra gelem nampani mekso kon 2rb sdangkan disaat ra enek duit receh eparking emng butuh sosialisasi penggunaan seiring brjalannya terbiasa,-8,Negative
barang opo wi,0,Neutral
penghasilan berkurangpernah parkir motor salah ruas jalan hos cokroaminotosaya kasih 5ribuankok dijujuli 2000 aq yo nge gas tosejak parkir montor malih 3000 trus mbi jukir e dijujuli 3000 alasane salah ndudut duit,-9,Negative
faktanya jukir kuwi curang wes narik e 2000 sing disetorne mung sitik,0,Neutral
setuju eparkir,1,Positive
njaluk pemimpin e ora korupsi rakyate dewe hobine yo korupsi,-11,Negative
nahhh klo kaya gini enak jdi harga parkir ngga sndiri wkwk,3,Positive
helih lagek iki isuk enek acara tk ning alon2 motor ditarik 3000tak lokne mung mesam mesem jukir e nemen lak golek bathiii,-3,Negative
peningkatannya yg nya masuk jukir tuh,-3,Negative
arep tuku klambi ning ninetynine tp ora enek sg digoleki metu sek bayar parkir,-8,Negative
pakai ecard aja lgsung tempel gtu,1,Positive
data lengkapnya min,-3,Negative
makan rakyat makan wakil rakyat,0,Neutral
keliatan punglinya sblm eparking pad 71jt eparking 134 juta oknum pejabat ae sing seneng duit panas kebanyakan jukir senengan e pungli makane diterapkan eparking menolak ketar ketir pemasukan menurun mergo wes gaiso pungli neh sing jukir nakal,2,Positive
jaman pasar malem wingiparkir ditekok i byar pinten paksak ikhlas e mboso diwei rongewu lek ngomng jane telungewu lo mbk,1,Positive
alasan knapa muales lak kon metu2 mandek pirang nggon parkir e wes muni po mneh lak tmpat e rame saiki rata2 3k,1,Positive
nek wes akeh hasile tulung ojo korup,-5,Negative
bahu jalan parkir ya gak tertibkan garis sepadan jalan fasilitas parkir klo bahu jalan seakan uangnya fasilitasnya gak parkir jualan fasilitas tolong plisss pad sejalan peraturan,2,Positive
iki ws arp event grbg sur area aln wajib eparking bn ora meresahkan,-9,Negative
truspajak meningkat fasilitas meningkat jg nggih,-2,Negative
mohon tukang parkir kalok niat parkir,0,Neutral
setujuuu pollllll ndue rm yoan tukang parkirku gae ne ngentit jamin parkir pinggir dalan yo ngnoo wajib eparking,-12,Negative
sing nolak2 kon prei ae dadi jukir,8,Positive
sek mending mba 3 rb pas rme rme e 5rb wkk,2,Positive
wkwkwwkmlahan,0,Neutral
joss biar ngga dipalakin parkir liar,-3,Negative
setuju bang,1,Positive
jukir berkompeten cekatan cak cek,-5,Negative
ya edukasi ae titik ribet te ae lek wes berlajalan sistem e yo mempermudah e,-10,Negative
ebes melbu ig coy,0,Neutral
wih 13471 selisih pinten niku,-4,Negative
keras men ajae mbak,0,Neutral
sabar mbak ben dibales si ng nduwur,2,Positive
ribet ceperan ne,-4,Negative
praktik korupsi selisih 63 jutaan,-8,Negative
lanjutkan eparking nya,1,Positive
moborobo parkir mobil ja ditarik 5000,2,Positive
rubicon,0,Neutral
semangat perubahan,7,Positive
coba kalo full model kayak e toll top up saldo tp mudahnya gak ribet jujul hehe btw bayar via sopipaygopay gak,2,Positive
pelatihan,0,Neutral
ntar terbiasa butuh,-2,Negative
terbiasa ribet,-1,Negative
ribet blm terbiasa jukirnya ber umurjadinya gaptek,-1,Negative
lanjutkannnn,0,Neutral
menuntut gaji umk ponorogo menuntut pembekalan sop diperhatikan gaji umk ga sesuai sop,-3,Negative
adakan pelatihan jukirnya biar sat set das des gak ngantri kaya spbu tdk pelanggan parkir nyantai yg buru2 cepat drmh 7an,3,Positive
diajari penggunaan alat elektronik parking tp diajari parkir kendaraan yg,2,Positive
jajal parkir online aah,-3,Negative
kesepakatane podo nolak la ngene akhire,0,Neutral
intine. lek noto amrih pemasukan daerah meningkat mengurangimeniadakan kebocoran. oke oke wae. imbal balike masyarakat meningkat,5,Positive
koyo tau ra asing seng numpak montor kui,-4,Negative
enek sing luweh sekedar e yo iku ora ngilang nek pas parkir teko pas arep mbayar,2,Positive
semangat perubahan,7,Positive
terbiasa ribet,-1,Negative
coba kalo full model kayak e toll top up saldo tp mudahnya gak ribet jujul hehe btw bayar via sopipaygopay gak,2,Positive
ribet blm terbiasa jukirnya ber umurjadinya gaptek,-1,Negative
lanjutkannnn,0,Neutral
pelatihan,0,Neutral
ntar terbiasa butuh,-2,Negative
parkir pakai digital petugas mengurangi jukir liar setuju berdasarkan perda 2024,-5,Negative
kebnyakan tukang parkir ponorogo masuk toko tukang parkirjalan d parkir nya makan jalan separo,-5,Negative
kebnyakan tukang parkir ponorogo masuk toko tukang parkirjalan d parkir nya makan jalan separo,-5,Negative
gak pake parkir berlanggan pake stikermenolak e parking emange jalane mbah mu,1,Positive
turu ae gak eparking males kerjo upah,-6,Negative
terobosan hebat alhamdulillah kota ide brillian tinggal kota dimana salah kota perasaan sejengkal tanah tukang parkir sampaisampai beli barang sepele aja ngga kebeli krn uang berkurang bayar parkir sanasini ngga setor pemerintah jujur motor hilang ngga ganti uang parkir utk kepentingan pribadi utk pengusaan lahan parkir jualbelinya nyampe ratusan juta milyaran hilangkan tukang parkir manual menjadijadi ganti dg eparkir uangnya utk menambah blt masyarakat miskin kasih cangkul sabit barokah parkir menyusahkan masyarakat parkir manual membantu masyarakat arah premanisme,-15,Negative
eparking d pinggir jalan emang sulit g enak ruwet mending benerin lahan parkirnya biar jalur masuk jalur krn mudah dikerjain duluan tuh tahapannya masak mie didihkan airnya jgn langsung masukin mie nya lodoh,-15,Negative
alah gabisa korup kalo pake eparkir,-9,Negative
semoga dibayar menggunung,0,Neutral
parkir liar lahan basah orang malas,-3,Negative
ga ribet ga kerja,-2,Negative
alhamdulilah semoga parkir alfa indomaret,4,Positive
alasan rumit mrk ngambilin uang parkir karcis resmi enak bener gada bedanya kang palak lanjutkan eparking,2,Positive
simpel aja sih jalan bangun pemerintah ya apapun kegiatan diatas nya milik pemerintah sepenuh nya kejujuran transparansi,14,Positive
jp salah kerjaan unfaedah,-2,Negative
rumit ga masuk kantong,-7,Negative
rumit tp ga masuk kantong ya jukir kasih karcis parkir,-1,Negative
rumit tpi penghasilan meraka berkurang,-8,Negative
rumit belom beradaptasi klo yg ngomong jukir merepotkan karna ngak uang gelap parkiran klo e parking sdh dipahami matilah jukir nasional,-9,Negative
oo ponorogo yg kota reog ya daerah terkenal dng negeri balon nya,8,Positive
dinas pemda hrs dipelototin krn pemasukan pendapatan daerah rawan dikorupsi,-6,Negative
semoga pengelola aplikasi dibayar kabur alasan korban dianggarkan,-7,Negative
main idea is good but the device needs more efficient,5,Positive
rumit parkir pakai sistem elektronik urus korupsi yg 2 parkir 2000 motor mobil 50 000,-10,Negative
alasanmu ae,0,Neutral
maju manusia butuh adaptasi,0,Neutral
rumit kali ytta,-5,Negative
mendukung mu pal e parking,0,Neutral
what do u mean by more efficient is it too heavy they want easy life,-2,Negative
blm prnah liat sistem parkiran mall kah,-3,Negative
bingung pengoprasiannya pandai mengerti huruf baca,2,Positive
namanya orang tua coba anak muda udah cepat,-8,Negative
