no,author,comment,Sentiment_Score,Sentiment_Category,likelyGender
1,riyanatkinson,"@ricardo_kneff kalau di jakarta e parking biasanya pakai e money, flazz, brizzi, kartu2 yg buat masuk tol itu",-3,Negative,male
2,aeldy rn,"Bayar pakek gopay,dana opo sopipay?",-2,Negative,female
3,tatan t,Pembayaran paling gampang Jane gae Qris??,1,Positive,male
4,bandar absyar,Kalau gak di mulai tdk akan pernah mulai.. bismillah bisaaa..,4,Positive,male
5,betina  gemoy,Wkwk brharap parikir motor di seluruh Ponorogo Jawa Timur. 1000k????amin,1,Positive,female
6,dhikakwardani,@frida_jemprit lovekadang rencana mau ngasih 2rbu trus tau g dikembaliin malih g jadi. Hehehehe,-2,Negative,male
7,frida jemprit,"@dhikakwardani  Inggih ,, kadang kita kaum ibu2 mau belanja tdk di tempat itu saja ,, jadi klo di 5 tempat sudah 10 rb sendiri ,,",2,Positive,female
8,shellasritrisniawati,@aldyn.rn Pakai uang tunai bisa kak bayarnya,3,Positive,male
9,yanyunayamponorogo,Ponorogo hebat,0,Neutral,male
10,mbak hess,@frida_jemprit bener??,2,Positive,female
11,mbak hess,Mantull,0,Neutral,female
12,adhisthanadwijaaji,Sing penting parkire rapi..,6,Positive,male
13,gustavianooo,@bayu_fikri_ oh iyo ben macak kegawe anggaran e ??,0,Neutral,male
14,itsmeolv ,"Mbok ngnoooo, ben parkir motor gak 2rb",1,Positive,male
15,tamanbanyukencanawatublencong,Purwokerto banyumas parkir motor esih 1000,1,Positive,male
16,syahjulian ,@gustavianooo si paling SDM,0,Neutral,male
17,syahjulian ,,-6,Negative,male
18,he rmawanandre,"Poin pertanggung jawaban ke 3 kok seg podo ae , gak wani tanggung jawab kur njaluk pajak . Ndak masuk akal",-4,Negative,male
19,richardimm ,"@gustavianooo jajal 10tahun kas, tibake sdm e sek podo",2,Positive,male
20,ndy miella ,Saya suka konsep ini ?? perlahan-lahan Ponorogo menuju go digital,-1,Negative,female
21,gustavianooo,@julia.nsyahputra si paling satir,0,Neutral,male
22,gustavianooo,@rchrdimm_ chuaks ??,-3,Negative,male
23,vxniiiaa,mesakne jukir seng tuek pak gak paham gawe kui,3,Positive,female
24,ayupesek  ,Baguslah seperti ini jd kan gak merugikan masyarakat kecil gak sesuka hati kasih tarif padahal udh ada peraturan yg di tulis di jalan2 berapa2 parkir motor dan mobil,0,Neutral,male
25,angga rmx  ,layo ngono mbokan moso parker motor 2k ??,1,Positive,male
26,ricki re,@wong_heloss25 nguyoh ae 2000 kok ngasi parkir 1000????????,0,Neutral,female
27,zuaruddin,"@gustavianooo dijak maju gk gelem, ngko e-parking wes jalan gnti komen ""mbok yo ngne ket biyen"" ??",-5,Negative,male
28,ricardo kneff,@riyanatkinson biasane emg gt mas.. yaa siapa tau ponorogo mau buat terobosan bayare pake Qris ????,4,Positive,male
29,gustavianooo,@zuaruddin gak bakal ?? penak langsung ngewehi sewu panggahan,-12,Negative,male
30,wildanhikmawan ,"Berdasarkan Keputusan Gubernur Jawa Timur Nomor 188/889/KPTS/013/2022 tentang Upah Minimum Kabupaten/Kota Di Jawa Timur Tahun 2023 Upah Minimum Kabupaten Ponorogo Tahun 2023 Rp.2.149.709,45 . TAPI AKEH BAYARAN SG SAK NGISORE IKU, TAPI BIAYA HIDUP E NG PONOROGO JAN TENAN. FASILITAS SIH APIK, TAPI YO IKU, PENDAPATAN MASYARAKAT E BEN ISO MUNGGAH IKU KUDU DI WEHI SOLUSI SEK. AKU MOCO ENEK KOMEN SG KECEPETEN 10 TAHUN. AKU SETUJU IKU. INARAT KATA NE. BUTA MAP.????",0,Neutral,male
31,wildanhikmawan ,@gustavianooo setujuu,-6,Negative,male
32,inutee fey,"SETUJU POLL MIN, ben pak* tukang parkir i ogak sak kuarepe dw . tandang wegah bayar 2000 . jane ra sepiro sih tapi lek nyatane kendaraan e awakdewe ra diamankan ki ngwei duit parkir ki yo marai mangkel",1,Positive,female
33,dhikakwardani,@frida_jemprit nggih leres setuju aku,0,Neutral,male
34,denyamalia,Mening Iki min..jelas piro2 ne tarife la MSO diweii Sewu lambene mecocong AE ??,-7,Negative,female
35,off acc0unt ,1 arah tapi sempit ponorogo hebat,1,Positive,male
36,riyanatkinson,"@ricardo_kneff oh iya ada yg pake Qris juga di Jakarta, semoga aja di ponorogo bisa pake Qris juga??",-4,Negative,male
37,ramangabdulazis,"?? wong"" i SDM rendah kok gawe ngonokan ?? @gilangpratama551 Iki contohe",3,Positive,male
38,cntrmo,@ricardo_kneff ngangge diamond mas,0,Neutral,male
39,ricardo kneff,@booh_wah masookk????,7,Positive,male
40,teguh prasetyo   ,Sing dek mben nggremeng parkir larang.kui lo ws di kabulne ben reti nek parkir gur sewu.,-4,Negative,male
41,zahira belva,"@frida_jemprit pernah tak kasih 1rb koin minta lagi sambil ngomel2,, ini masih lumayan belum tua.biasa kalo tukang parkir tua malah tak kasih lebih.",2,Positive,female
42,ifthon  ,bagus lah .. positif ...,5,Positive,male
43,friska ioo,Parkir neng etan alon² ki maeng dijaluki 2000 sik'an min.. ??,2,Positive,female
44,alirahmanta,Taman tengah jalan sangat mengganggu di tambah bahu jalan buat parkir jalan terwagu,0,Neutral,female
45,dimsro,"Salfok karo tulisan : PARKIR BUKAN PENITIPAN , trus nk motore ilang karcis parkire gratis",-10,Negative,male
46,shinta anf,@wildanhikmawan_ iyo yaa mba. Di tuntut serba bisa tapi gaji guyonan. Di tuntut serba canggih. Tapi yang kaya makin raya. Yang miskin makin menderita. UMR aja ga di imbangkan. Gaji pas pasan. Bener ncen mending capek kerja daripada capek cari kerja. Tapi yo mengkis dua nek kerja dengan gaji dibawah ratarata. Semangat pejuang rupiah????,-3,Negative,female
47,roufyasmien  ,"Bagus ini,, menghindari adanya parkir liar bayar liar",0,Neutral,male
48,andry agustya,Bayar bisa pake cash bisa pake e-money kedepannya itu..,1,Positive,male
49,srikaya mas,Setuju????,0,Neutral,female
50,erda kc,Up,0,Neutral,female
51,ricardo kneff,bayare pake opo min?? tf opo pake emoney?,0,Neutral,male
52,ambonzxz,Payung ngarepe smp6 kae iso nganti dicem,5,Positive,male
53,jalanpulangq,Digaji rakyat difasilitasi mewah oleh rakyat.maka bekerjalah melayani rakyat. permudahlah urusan rakyat dg kemampuan yg dimiliki.dg tehnologi yg semakin canggih.sesuaikan lah gaji dan fasilitas yg para pejabat nikmati dg memberi kan kemudahan fasilitas rakyat secara mudah dan  adil bagi semua,0,Neutral,male
54,saidrosyadii,Sipp mulai maju ??,-9,Negative,male
55,zumaroqoirul,@ricardo_kneff jajal admine @ponorogo.update moro gawe video singkat pembayaran e parking . ben kabeh ruh .??,0,Neutral,male
56,gek  eva,,-3,Negative,female
57,ponorogo update,@akangzuma ?? siap,-6,Negative,male
58,chynsd ,"Sisan pak dalane raya didandani, terutama kecamatan² pelosok",-9,Negative,male
59,adibaskome,"Seumpama itu mertamu masuk gang dan parkirnya didepan toko, apa harus ada biaya parkir ?",0,Neutral,male
60,gustavianooo,Aneh aneh ae. Genah SDM e sek koyok ngene og ???? kecepeten 10 taun,1,Positive,male
61,mrluckym n,?? Panggah Mawut,-8,Negative,male
62,frida jemprit,"Alhamdullilah ponorogo mulai maju ,, mending seperti ini soalnya saya sering di kasih uang 2000 tidak di kasih kembalian",8,Positive,female
63,justt ndyy,"@adibaskome kalo pake motor mending di bawa masuk gang ae, kalo pake mobil ya itu resikonya parkir diliat gang ??",0,Neutral,male
64,yoestiagustina,Yuk bisa yuuk,-6,Negative,female
65,bayu fikri ,"@ricardo_kneff ketok e gawe kartu sih, koyo mlebu nek tol",0,Neutral,male
66,bayu fikri ,"@gustavianooo jajal sek ae mas, kan mengko kenek dikaji meneh cocok opo orane metode parkir ngono iku",-5,Negative,male
67,agungyuliyantonugroho,Sip...buat ngurangi pungli,0,Neutral,male
68,naawae  0,"halahh paling engko yo waleh, gek mbalik parkir biasa neh ??????",-2,Negative,female
69,infoponorogo,@ramangabdulazis wealah nah ngono digenahne??,0,Neutral,male
70,agushd pg,@as37s7 gae latihan lurr.. Bn iso mumpuni sdm e,1,Positive,male
71,anjar ao,@infoponorogo huahuahuahahahaha??,0,Neutral,male
72,r mas sai,"Parkir e ojo neng pinggir ndalan, tengah"" sisan gek dipalang ne ngunu ae genio??",0,Neutral,male
73,infoponorogo,@r.mas_sai lah lah lah??,0,Neutral,male
74,infoponorogo,@naawae_80 lhadalaaah??,6,Positive,male
75,infoponorogo,@agush_zheng nah hehe??????,-1,Negative,male
76,infoponorogo,@anjar_ao ????????????,-3,Negative,male
77,infoponorogo,@alditawalida06_ kenal karo sing ndi??,1,Positive,male
78,r mas sai,"@infoponorogo wong mlio boro kok usel""n motor mobil sak wong"" e??",1,Positive,male
79,jedar jedor,genah eeee min sg parkir mbayar piro...mudengku koq angel menn????,-1,Negative,male
80,dikadap ,Ape parkir e dadak di ruet barang??,0,Neutral,male
81,rapi itsunana,@sangaji_w4 parkir e mbayar nopo mboten pak,0,Neutral,male
82,dwiprakoso  ,@zazux_yeye setujuuuuu.hilangkan tukang parkir,-2,Negative,male
83,road nashwalk,Kesuwen ky pom gak kui ngko riii @nuret800,-4,Negative,male
84,ganalprayogo,@ramaakukuh jan ndak umom mas wkwkwk,0,Neutral,male
85,muhammad kamilin,@infoponorogo slidikono min duite melbu nng ndi kae ??,-6,Negative,male
86,baguzfernanda,E-warteg gk enek to min ??,-4,Negative,female
87,sa muel    ,Terus nek arep mbayar angsuran harian piye bos.... Nek wis ngono kui...,0,Neutral,female
88,infoponorogo,@r.mas_sai ??piye ta kih,-4,Negative,male
89,infoponorogo,@baguzfernanda byuuuh giniya?? kene apa enek lho eneme padang??,4,Positive,male
90,infoponorogo,@sa_muel6236 lhaaaa??,4,Positive,male
91,infoponorogo,@jedar_jedor sik aku urung parkir??,0,Neutral,male
92,zazux yeye,@ shodaqoh ng masjid ae maton. Drpd shodaqoh tp grundel. Mslhnya brg gk oleh pakek parkir maton. Prayo malih grundel????,-14,Negative,male
93,zazux yeye,@ jane yo ngono karepku. Wong yo asline gk onok gunane. Parkir yo mapakne dw. Pas arep ngalih jaluk duit.,-5,Negative,male
94,dwiprakoso  ,@zazux_yeye setujuuuu,-3,Negative,male
95,anggamango,"Ruwet""... Kudune cah"" nom sing neng nduwur ki iso ngerteni kondisi masyarakat ponorogo nek kok terapne ngono kui iso mlaku pora.. Ojo gur golek rai dengan ide"" sing malah gawe ruwet... TULUNG OJO GOLEK RAI @infoponorogo",1,Positive,male
96,fatria asmara ,"Tetep kudu cak cek, ben ga kesuwen nunggu ??",0,Neutral,female
97,agustk  ,Tukang Parkir sing ra enek karcise 2k trus ra gelem noto ruh ruh nagih auto ketar ketir,1,Positive,male
98,ajmln,"Penting gelem natakne motor, iso2 ngewei kerdus ben gak kepanasen motor e. Nek gur moro2 nagih duit tok gak gelem natakne motor, yo enak temen kerjone.",-3,Negative,male
99,zazux yeye,@dwiprakoso76 trus complain ng sopo ngene ki jal.... ??????,-2,Negative,male
100, dianelss,Panggon e hospot ae buk ku bingong iki kok ndadak scan2 barang to minnn??,0,Neutral,male
101,ronaldandreass,Kesuen selak macet,2,Positive,male
102,muhamd maghfur,@zazux_yeye mugo2 alat e-parkir kui iso di setting (parkir kurang dari 10 menit gratis)...kejadian koyo awakmu ben ora terulang,0,Neutral,male
103,teberagil,Ksuwen??,7,Positive,male
104,alvuadu,Ayok mas @gibran_rakabuming solo digae ngunu,-11,Negative,male
105,defernandaa ,@zufaraa malih dadi selebgram ngene tibake,-8,Negative,male
106,harymatika,"Juru parkir sing meresahkan yoiku bayar 2 ribu gak disusuki, bayar sewu gak diseberangne. Sakjane aturan parkir terbaru piro ya?",0,Neutral,female
107,maya mitha,"Halah, dalan ombo"" Digae sak arah mbasan wes sak arah mek gae parkerr.. Marai macet tok ??",-5,Negative,female
108,dimasroby,"Mari iki tuku rokok utilan gae aplikasi, golek pangan wes angel, lakon dadak di ngel ngel , raine parkir wae dadak uthek hp, gathel po py",-1,Negative,male
109,ajisetyowidodo,Mlebu toilet di gekne E-ngising,2,Positive,male
110,ervhaa  ,Mempersulit tukang parkir yg sdh sepuh??,5,Positive,male
111,dickymaulana mtwk,"Aku datang tidak ada ,aku pergi ada - ""kang parkir""",-4,Negative,female
112,info skandal selebgram,"kesuwen, dulung i 2 ewu e gek langsung cus",-7,Negative,male
113,pakcikpower  ,"Pokok aku padamu pak/bu semerintah, arep digawe pie ae sing  ngene"" iki ttep bakalan manot ??",-2,Negative,male
114,erda kc,Siji d kon ngno... Liane do ngaleh...,-3,Negative,female
115,khapika chu,@zazux_yeye poneh montor dipapane ora agek didelehne wes diparani tukang parkir nyebrangne yo ora.. biangeten,-11,Negative,female
116,zazux yeye,"@ haha.. Kandani kok. Kdg maune  gk onok wayah arep ngalih muncul tiba""????",-4,Negative,male
117,zazux yeye,"@muhamaghfur yo mugo"" ae. La nk minimal 10mnit ngono yo gpopo.bareng 5mnit ae msok yo kon byr parkir. Malah ng surya bayar parkir ng kasir. Hdeh..",2,Positive,male
118,hary kurni ,"Setujjuuuu polll ,,,drpada baku hantam trus kro tukang parkir,,pas teko g enek sg nyambut pas arep muleh tukang parkir pdo kruyuk² teko kyo laronn",1,Positive,male
119,ramangabdulazis,Ribet cuk,4,Positive,male
120,dimasak ,"@infoponorogo krungu krungu pasar lanang iku ameh digae parkiran mobil ngono min, jane cocok lo kui",5,Positive,male
121,infoponorogo,@zazux_yeye wah iya sih tapi piye ya kak? Bingungne terah?? gawa kanca wae kak kon nek motor??,-7,Negative,male
122,infoponorogo,@hana_kuifei ndaraku ya ngono ??,-3,Negative,male
123,infoponorogo,@iwan_charisma sing durung kulina??,-4,Negative,male
124,infoponorogo,@hary.kurni4 meresahkan piye lur? ??,5,Positive,male
125,infoponorogo,@harry_hore watduuuh lha piye penake kak??,-11,Negative,male
126,infoponorogo,@ramaakukuh lah lah laaaah kok ya tekan konoooo nele piye ta kih??,1,Positive,male
127,infoponorogo,"@ramangabdulazis sing durung kulina paling, penak biasa apa e parking? ??",0,Neutral,male
128,infoponorogo,@hary.kurni4 wkwkwkwk masa tau arep baku hantam??????,3,Positive,male
129,gendondjadoel,Lho emang yg bener begitu.. Semua parkir harus ada karcisnya.. Selama ini kalian dapat Karcis nggak pas parkir??? Lha itu duit gelap semua,-1,Negative,male
130,infoponorogo,@gendondjadoel waah ini baru??????????,-5,Negative,male
131,ramangabdulazis,@infoponorogo pakku tuek min hpne 3315 gawene ngopi Ng kno ??,-3,Negative,male
132,zazux yeye,La aq Karo anakq lo bos. Pdhl ankq numpak ng motor. Mlh ng surya byr parkir e ng kasir. Hdeh.. Parah.,4,Positive,male
133,ziyamlabela,Suwen selak mlayu liyane ??,4,Positive,female
134,infoponorogo,@zazux_yeye wah ?? wealah zuzah nek ngono,-2,Negative,male
135,infoponorogo,@dimasak_ wealah jare arep dadi taman terus Mall Pelayanan Public terus arep dadi parkiran malahan saiki??????lika liku pasar lanang,0,Neutral,male
136,infoponorogo,@ramangabdulazis wealah sih ngendi nek ngopi???? ya karo kowe apa ora?,-4,Negative,male
137,infoponorogo,@ziyamlabela nek pama mlayu dhisik ngono piye? ??,2,Positive,male
138,ramangabdulazis,@infoponorogo Ijen gawene losss ??,4,Positive,male
139,muhammad kamilin,"Terus tugase kui ngko nyapo min, wes enek e-parking kok sek dilibatkan ?",5,Positive,male
140,adilaarp,sangat memudahkan sekali bagi orang² yang cashless,-6,Negative,male
141,infoponorogo,@adilaarp weh ngono ya kak????,1,Positive,male
142,infoponorogo,@muhammad.kamilin lha iku ngoperasikan alate iku sing dicekel iku lho paling ??,-3,Negative,male
143,infoponorogo,@ramangabdulazis weh piye ta pak e ditokne dhewe??,9,Positive,male
144,ulya nur r  ,"Wong arep muleh e kok dadak antri , , tuku besin e antrine ws koyo emboh tambai kui neh",2,Positive,female
145,melisadwi a,@_noveliayy piye pek?,-4,Negative,female
146,infoponorogo,@ulya_nur_r22 sing tenang kak??,1,Positive,male
147,infoponorogo,@melisadwi.a piye kak penak sing ndi????,6,Positive,male
148,mast echooooooo,Mbayangne ae ... Nek metu barang² seng teko bareng² ???? tukang parkir e kiro² polah e piye ????,-5,Negative,male
149,lksworo,@bagassnugrh nyekel parkir daerah ngendi mas?,0,Neutral,male
150,mast echooooooo,@dimasak_  umpama blonjone neng kono mas...geg gowoo mobil... Trus parkir ngendi ????,-2,Negative,male
151,alfian ahmd,Kesuen . . . Butue ndang di geret pak ndang di sebrangne selak okeh sing ngantri gaeyanmu akeh Noto motor harang ??,0,Neutral,male
152,zufaraa,@ramaakukuh beh kaget,3,Positive,male
153,zazux yeye,aq eling ngono pegel ae bos. Wes susu gk oleh malah kelangan bayar parkir kono kene??,5,Positive,male
154,tambur ae,Gek arp d atur pye enh hemmm..,0,Neutral,male
155,infoponorogo,@mast_echooooooo lhadalaaah?? mall pelayanan dudu mall blanjan??,0,Neutral,male
156,infoponorogo,@alfian.ahmd ????????penak sing ndi jane kih??,5,Positive,male
157,infoponorogo,@mast_echooooooo waduh??????,-5,Negative,male
158,infoponorogo,@tambur_ae dijajal paling ??,0,Neutral,male
159,muhammad kamilin,@infoponorogo ??. Siji ae min lek iso samsat kae gratis parkir e,2,Positive,male
160,ramangabdulazis,@infoponorogo ak Nang Jepang min,-6,Negative,male
161,bayusimex,Gae scan QR code QRIS wae mbayar e ????,12,Positive,male
162, noveliay,@melisadwi oke deh rpp onok kemajuan????,4,Positive,male
163,anjar ao,"Team mlipir nyimak sek , menowo isek enek celah ????",0,Neutral,male
164,infoponorogo,"@zazux_yeye iya sih aku ya tau og golek barang ndak oleh, ya kudu shodaqoh ?? sing sabar kak ben lancar rejekine..",2,Positive,male
165,infoponorogo,@bayusimex watduuuuh ngono ya malahan??,-4,Negative,male
166,infoponorogo,@anjar_ao sik tos sik ??,2,Positive,male
167,infoponorogo,@muhammad.kamilin wah piye carane kuwi sing zuzah??,3,Positive,male
168,nadarulhuda suluhagama,"Sek...sek.... Kalau alesane ribet oke lah masuk akal, tp nek penghasilan menurun kok aneh ya. Kan maleh .............",0,Neutral,female
169,pfs 00 ,@infoponorogo Biasane...nek uji coba iku bakale lanjut. Evaluasi hanya formalitas.. ?????? Negri Konoha biasane ngunu.,-8,Negative,male
170,reelfaiz,"Penak e-parkir. Pengalamanku bayar sesuai aturan malah kenek plilikan mripate tukang parkir, ngono ngueece karo ngguyu..arep taat aturan susyah tenan.??",6,Positive,male
171,infoponorogo,@rezaelfaiz lhaaa??,0,Neutral,male
172,infoponorogo,@al_wildd hmm??????hehe pokok ora jotos jotosan??,-2,Negative,male
173,infoponorogo,@advokat_nadarulhuda heheh?? enek sing berpendapat soale wayah ngurusi sing arep metu 2 sing siji urung kecandhak wis mlayu dhisik mungking ngono??,-6,Negative,male
174,infoponorogo,@mast_echooooooo okeeeee????????,3,Positive,male
175,pfs 00 ,@infoponorogo Semoga saja. Iso dadi apike kabeh..,4,Positive,male
176,infoponorogo,@rmzlahmad.dr wah lha menurut Kadesnya gimana kak? Apakah ndak ada info awal?,4,Positive,male
177,aqwam nasimbada,@dilaga_745 po yo iso dikontrol nek manual .wkwkwk,0,Neutral,male
178,aqwam nasimbada,mugo2 dudu mung alesan nek penghasile berkurang gara2 setoran e neng dishub akeh wkwkwk,0,Neutral,male
179,renataelvina,Ono ono wae saiki peraturan anyr dadak e parkir,2,Positive,female
180,dem met  ,Penak ra penak min,-3,Negative,male
181, renggananda,Intine gelem maju opo mundur?,10,Positive,female
182,romantriz,Parkir di PCC aja dikelola pihak ketiga ??,3,Positive,male
183,muhamd maghfur,"Jaman digital, SDM ya harus di upgrade. Tujuan pemkab memang modernisasi dan utk meminimalisir ""kebocoran"" agar PAD bertambah.",-1,Negative,male
184,eline xiandhia,"Yg jlas perlu ditertibkan jukir"" yg ngentolan... ??????Udh jlas trtulis di PERDA tarif  parkir itu brp.... Bukan seenak dia, E parkir sbnrnya bagus... Akan mudah bila udh terbiasa..... Menghindari kebocoran PAD jg... Yuk maju yuk.. Pasti bisa... PONOROGO HEBAT ????",4,Positive,female
185,muhamd maghfur,"@rmzlahmad.dr maaf setau sy klo jalan desa masuk cover dana desa, jd lgsg tanya ke kantor desa.",-4,Negative,male
186,rmzlahmad dr,@rmzlahmad.dr desa nya lagi kasus masalah pungli pak..ini heran. Jalan masuk ke desa2 yg lain sudah semen semua . Kerumah saya aja yg belom..,3,Positive,male
187,rmzlahmad dr,@muhamd.maghfur saya bukan asli sini. Br 3 bulan pindah ktp dsni. Sprtinya org disini pasrah2 saja..ini udh bertahun2 gada perubahan sm sekali,0,Neutral,male
188,rmzlahmad dr,@infoponorogo info awal sejak sblm pandemi. Katanya mau dibangun. Sampai sekrg blm ad perubahan sm sekali..,0,Neutral,male
189,clpt gtgg ,"Manual tech ,, dadak gae noz barang",-1,Negative,male
190,clpt gtgg ,Giegerno ae ????,0,Neutral,male
191,nizarkurangturu ,@infoponorogo bolak balik minn??,-1,Negative,male
192,gusrori ,Jane lk podo bingung mending mlaku ae.,-4,Negative,male
193,septianpamungkas png,@infoponorogo blas ketoke min ??,0,Neutral,male
194,septianpamungkas png,"@infoponorogo isone mung ngewangi dungo, pomo gawe E mugo ae bayare kang parkir iso d susaikne walaupun gk se agal pas gk gwe karcis ??",2,Positive,male
195,hantoro krista,??menolak karena penghasilannya gak besar lagi (kelong akeh),2,Positive,male
196,angry bud,"Iso lah, jaman semakin berkembang. kabeh2 serba elektronik. Jd yo kudu adaptasi",-3,Negative,male
197,dwi yulia,Penak e-parkir.. bayare parkir murah min,0,Neutral,female
198,mohamadaxel,"enak e - parkir aja, apalagi biasanya ada tukang parkir yg ga ngapa"" in ehh minta uang wkwk",2,Positive,male
199,anang pr  ,"Wes kono"" lurr, piye karepe",4,Positive,male
200,arkhasewandono,"Jukir nolak e-parkir kene yo nolak m-parkir, podo nolak e akhire gk sido mbayar ??????",-7,Negative,male
201,ajudannnn,"Klo memang alasannya berkurangnya PAD daerah, pasang aja banner foto dan viralkan jukir yg tidak memberi karcis udah gitu aja jukir ketar ketir. Daripada ribet pake elektronik. ????",-11,Negative,male
202,ajudannnn,@ajudannnn alasannya kan emang karena selama ini jukir setor uang ke pemda gak sesuai target. Mana kemarin ada yg matok 15k per mobil waktu lebaran,-22,Negative,male
203,karya dx,"@dilaga_745 kyok sistim di gacoan sama Surya swalayan bayar parkirnya di kasir, agar tidak ada KEBOCORAN, tarif e Podo, tur ora dislewengke..",0,Neutral,female
204,sinyo permana,"@dilaga_745 jangan seribu bro,gua parkir mobil gua kasi 10ribu gua kira dikasi kembalian e malah kabur,mending sistem langsung masuk kas daerah",0,Neutral,male
205,ruvizuana,"Lek kangelan gae alat elektronik, ben digenteni cah2 ae pak, iki wes akeh cah lulusan anyar podo nganggur",12,Positive,female
206,infoponorogo,@ruvizuana lhadalaa ??,6,Positive,male
207,dilaga    ,@karya_dx la itu lebih baik,4,Positive,male
208,karya dx,"@sinyo_permana kyk gak ikhlas GT ya, terkesan maksa kyk maling, kalo di BCA saya kasih 2rb masih dikasih kembalian 1rb, kalo ditempat lain sekitaran HOS Cokroaminoto itu sering gak dikasih kembalian, bahkan saya pernah di daerah Balong dikasih 2rb jg ga dikasih kembalian,",6,Positive,female
209,sinyo permana,"@karya_dx ini bukan masalah ikhlas gag ikhlas,tp masalah kejujuran.... PERDA dah ngatur tarif parkir masa tukang parkir dikasi 10ribu gag ngasi kembalian???????? makanya dibuat elektronik supaya kerja itu sesuai SOP yg ada????",-3,Negative,male
210,karya dx,"@sinyo_permana bukan GT bro mksd q ak kalo mtor dikasih 2rb diem aja pdhal dtmpat lain 1rb diem/ klo 2rb masih ad yg mau ngasih kmbalian, rasanya kyk gak ikhlas GT lho, berasa dipalak aja,,kalo saya setuju dibuat satu tarif aja buat yg dipinggir jalan",-1,Negative,female
211,ayubsimone,Tiwas e parkir neng hos cokroaminoto mending e parkir e dikekne pasar legi lk luwih cocok,-7,Negative,female
212,super keju  ,Panggah wong cilik seng di gae susah.. ????????,-5,Negative,male
213,kapringga,Mesti lek gae aturan terlalu mendadak dadi keteteran opo meneh wong tuek umur 50th wes gak nutut,-12,Negative,male
214,singgih dwi hs,"Bagusan e parkir, dana yg masuk bisa maksimal, tp klau lhat tren pemerintah saat ini uang2 dr pendapatan pajak rawan d gunakan oknum2. Jd sama aja intinya uang nya gak tau kmana??",4,Positive,male
215,tuludnah,"""Mengurangi Penghasilan""? ???????? ketoro jukir nakal",-3,Negative,male
216,rdwnardian ,Tukang parkir paling parah sekitar alun2.. ?? Pilih parkir motor bayar 5000 opo ngaleh? Ra gelem ngalih o.. piye lo kiih,3,Positive,male
217,davidferdy,@dilaga_745 mambengi 3000 sak motor neng festival lur??,-1,Negative,male
218,infoponorogo,"@septianpamungkas.png iki mulai pakai karcis, nek sadurunge manualan akeh sing ora ta masaku apa kabeh mandaran? ??",4,Positive,male
219,infoponorogo,@bgsskw okeeee kakak semangat??,-1,Negative,male
220,infoponorogo,"@fatkurphotography wis ora melu, saiki sing ngurusi kancane Roy karo anak buahe Agus Yayat??",6,Positive,male
221,infoponorogo,Oke siaaap?????? nah ngono tertib??,6,Positive,male
222,nunu sgt,"Aq pilih elektronik ae min... wis males ngadepi jukir² sg diwei sewu ditampani, diwei rongewu ra dijujuli?? . Ayo pak dishub @dishubpng galakkan e-parkir aja",-6,Negative,female
223,infoponorogo,"@nunu.sgt okeee awakmu tim elektronik ya kak, ben tertib ya??",-2,Negative,male
224,fakhmiky,"Sek proses luurr jenenge perubahan jaman kabeh kudu siap dan beradaptasi, e-parkir sy sangat setuju disatu sisi jelas muaranya dan tdk ada pengentolan harga parkir??",2,Positive,male
225,ryssangpratama,"Minn , menawii dirimu ngerti , dalan ngarep omahku kokk di wenehi plang e DISHUB , kiro2 sementara opo selawase yaa minn ... Lokasi RSU MUHAMMADIYAH tambak bayan ngulon minn",-4,Negative,female
226,dilaga    ,@infoponorogo mending parkir manual tapi bayar e tetep 1000 di seluruh parkiran se kab  ponorogo,-2,Negative,male
227,tofan ts,"Perlu di garis bawahi dan di tebali *Mengurangi Penghasilan*, ya klo memang niat pakai e-parking mbok iyo to jukir di bimtek, di latih, ben gak bingung.",2,Positive,male
228,infoponorogo,@fakhmiky naaah ????benul.. wis jajal e-parkir durung kak? ??,0,Neutral,male
229,ryo shikamaru,"Mergone nek parkir eletronik, kertase ora iso dirubah 2000 jadi 3000 ??????",5,Positive,male
230,ika jauhar,Enak pakai e parkir kayakny,5,Positive,female
231,infoponorogo,@ryssangpratama mulai kapan kak pasange?,12,Positive,male
232,infoponorogo,"@dilaga_745 nah ngene jane ya masuk wae lur, tapi ya piye jare jalarane merga enek sing ngenthol barang ki komen dhuwur kunu mau.. gari gelem tertib tarife ora? ??",-3,Negative,male
233,ryssangpratama,"@infoponorogo kurang paham niku minn , sing jelas enjing jam2 8.an dereng kepasang , lhaa sonten niki wau kokk mpun entenn rambu stop s DISHUB",0,Neutral,female
234,infoponorogo,"@tofan.ts kayane ya wis diwenehi lur, ya paling butuh waktu penyesuaian.. ya muga muga isa lancar lah..",-8,Negative,male
235,infoponorogo,@ryo_shikamaru lhadalah iki anu nek iki??,2,Positive,male
236,infoponorogo,@ika_jauhar siaaap.. awakmu tim elektronik ya kak? ????,-1,Negative,male
237, anandaayuu  ,"jane e-parkir i cocok e gae lahan seh enek tempat khusus parkir koyo mall, toserba utowo pasar, lek di peruntukan gae lahan parkir terbuka/pinggir ratan i kurang cocok soale mesti ribet, tp lek manual ya sek akeh jukir seh nakal. mboh lah bingung",-4,Negative,male
238,infoponorogo,@ryssangpratama rekayasa lalin kayane ya? Apa enek acara ning jalan alun alun sih lor iku ben lancar ngono..,-3,Negative,male
239,infoponorogo,@_anandaayuu__ hooh sih bener... lhaaaa dadi awakmu tim manual apa parkir kak??,0,Neutral,male
240,ryo shikamaru,"@infoponorogo tau ngerti to duit 2000, 2 ne dicoret dadi 3000 ??",1,Positive,male
241,infoponorogo,"@ryo_shikamaru tau tapi lali nggone, ngendi lur sing kaya ngono wi??",0,Neutral,male
242,abyanep,@nizarkurangturu_ @musyaffa_89 mbenjeng,-5,Negative,male
243,pfs 00 ,Enak E-Parking,0,Neutral,male
244,ika jauhar,@infoponorogo iyass??,-4,Negative,female
245,musyaffa   ,@abyanep rodok bahaya lek Iki,-3,Negative,male
246,infoponorogo,@ika_jauhar okai kak??,2,Positive,male
247,infoponorogo,@abyanep awakmu tim apa kak manual apa elektronik??,0,Neutral,male
248,infoponorogo,@musyaffa_89 banaya piye kak??,4,Positive,male
249,infoponorogo,@al_wildd oke awakmu tim elektronik ya kak? Alesane apa kak? ??,-6,Negative,male
250,syahrulsatriaw,kono kono aturen penting ra mangan gapuro,1,Positive,male
251,nizarkurangturu ,@infoponorogo @abyanep iki lo min seng gaene parkir ng sekolah tapi lek mbayar mbenjeng mbenjeng ae,2,Positive,male
252,infoponorogo,@syahrulsatriaw byuh gapura ngendi iki??dadi pilih manual apa eletronik no??,-7,Negative,male
253,musyaffa   ,@infoponorogo wes gaiso parkir liar neh min pak parkire??,15,Positive,male
254,infoponorogo,@nizarkurangturu_ weh masa cash bon ????,0,Neutral,male
255,infoponorogo,@musyaffa_89 wehehe salah siji alesane enek e parkir kayane iku kak??,0,Neutral,male
256,pfs 00 ,"@infoponorogo Iki sak eroh ku lo ya teko kuto sing wis ono E-parking. Gak ribet pembayarane soale g atek duwek, ngetap kartu, luwih higienis. Luwih tertib pembayarane soale tertera area ne. Ugo tukang parkir penghasilane luwih iso dijagakno, soale digaji/bln. Aku paham karepe, Podo² enake antara Awake dewe pemakai jasa parkir, jukir  lan pemkab. Masalahe saiki, PONOROGO  wis siap tah gawe ngelaksanakno???. Sosialisasi opo wis masyarakat kabeh ngerti???. Gawe rambu ae dadak sik ngenteni kejadian, Marka jalan akeh sing durung dibenah (Garis hilang/pudar). Owalah... Ojo grusa grusu..!!!..",-7,Negative,male
257,ragasugeng  ,@infoponorogo agus yayat kecekel silop min,0,Neutral,male
258,mast echooooooo,Panggah penak manual ???? sat set ...,2,Positive,male
259,infoponorogo,@ragasugeng88 hooh kan parkiran enek 2 panggon siji dicekel kancane roy sijine dicekel anak buahe gawane Agus,0,Neutral,male
260,infoponorogo,@infoponorogo ????,5,Positive,male
261,infoponorogo,@mast_echooooooo okeee awakmu tim manual ya lur??,1,Positive,male
262,infoponorogo,"@al_wildd naaaaah iku sik uji coba, bakale dievaluasi sik??",5,Positive,male
263,febrybiwara,"Eh sik sik kok pengahasilane kurang ya,,bukane wes digaji to min..kok kurang paham ak",-1,Negative,male
264,infoponorogo,@febrybiwara lha kuwi sik uji coba lak sik bagi hasil kayane,0,Neutral,male
265,mosya  0,"Penak ke nk parkir Ra sah bayar...trus jukire digaji pemerintah ngono ,,????????",-5,Negative,female
266,rmzlahmad dr,Min..kalau mau lapor ttg pembangunan jalan didesa saya gmna ya min..saya tinggal di sawoo. Cuma desa saya aja yg gak di bangun jalan nya. Desa lain sudah dbangun semua..,3,Positive,male
267,mast echooooooo,@infoponorogo  aq bolone tukang parkir ????,7,Positive,male
268,tatik mujiarti,"kalo bisa di persulit kenapa harus di permudah ??, auk ah elap",1,Positive,female
269,ramangabdulazis,Kampungan ??,4,Positive,male
270,marissasr ,@alistaavs bos berek,5,Positive,male
271,andika dbh,"Teknologi melebihi akal sehat, 2023 ngurus surat2 nek kantor deso ae kon foto copy E-KTP kog parkir pake ELEKTRONIC @ponorogo.update",0,Neutral,male
272,ragiel mangku langit,Mugo ae nek khilangan di tmpt parkir bisa di ganti 100% hehe,0,Neutral,male
273,arin    ,Maleh gk minat dolan rno min .  @ponorogo.update,0,Neutral,female
274,herysusantu,Ngurusi urusan sing gak urgent,1,Positive,female
275,nadflix jv,r ndwe e money,13,Positive,male
276,optik tasikmalaya,Lama lama kembali lagi ke manual,5,Positive,male
277,erikwahyudy,Semangatt ??,14,Positive,male
278,eline xiandhia,@yogiiprapmito nah tu dia.... ??????????? klo ga ditindak lanjutin ga adil kan,-3,Negative,female
279,hanifahlayli,Aku luweh ikhlas duit sewu rongewu nggeh kang parkir. Tinimbang diakali wong nduwuran sing eneeeng ae carane gawe proposal alat e-parkir ben amrih cair dana ne. ?????????,0,Neutral,female
280,zazux yeye,Pendapatku tetep penak parkir gratis.,-4,Negative,male
281,dikaambarani baru tahun  000,Alhamdulilah Semangat Gak Belum Bayar E_Parking Mulai kalo ada baiklah Boleh Lihat Siapa Itu Terus Lama lama banyak Terimakasih Waalaikumsalam,0,Neutral,male
282,adityaanakbaik ,Nyuen nyuen i lakon,0,Neutral,male
283,humairasyaharani,Pendapat ku apik lor mergo ben ora hasil dr prkir bisa langsng disetor ne nge apbd ngo bangun2 op kono ben ponorogo luweh maju dlm segla hal,0,Neutral,male
284,ari plastik,"Tuku alat modern bisa, jalanan berlubang nambal gak bisa. ??",1,Positive,male
285,alistaavs,@marissasr_  ebesss,-10,Negative,male
286,rudhie xa,@verane_imam dadi netizen tenan saki wani ngritik.wkwk,-5,Negative,male
287,verane imam,"@rudhie_xa ???? lawong pegel lo aku mas,",5,Positive,female
288,rudhie xa,@verane_imam lanjutkan ??,11,Positive,male
289,didik wijaya,"kokean tetek bengek ra karu""an... kok sek menak jaman bien rono rene cepet.... ora macet ora ubeng""an",-4,Negative,male
290,regytaaprylia,@yogiiprapmito parkir gacoan sih uanehhhhh muesti ga enek uang kembalian muesti ??,-5,Negative,female
291,ekomentaro,"@verane_imam 2000py,akeh kae sing 5000/10000",1,Positive,male
292,ekomentaro,"@mutiaraya__ lahan kusus,ne kota lahane kusus rodok angel,kakean omah dll,gelem py parkir Ombo neng lapangan kodim,trs acarane neng alun2??????",5,Positive,male
293,verane imam,@ekomentaro yoo diomongii aturane 1000 lo pak . Nek gak ngnu karo muleh butuhw diwei 5000 . Masaku ket jaman disek yo tekan 5000 parkire .,0,Neutral,female
294,ekomentaro,"@add_zim kesel ngangkuti,ngko biaya neh,tukang angkut2",0,Neutral,male
295,ekomentaro,"@verane_imam diomongi jawabe(lione Yo limang ewu,lak Ra gelem bayar,Ojo parkir ne kene)py trusan",1,Positive,male
296,verane imam,@ekomentaro 5000 kan jga tidak setiap hari mungkin pas waktu ada acara . Nek sya yo maklum wong trah gowo mobil / motor tak lempit yo gk kenek mas . ?? maaf hnya berpendat,13,Positive,female
297,verane imam,@verane_imam berpendapat,-1,Negative,female
298,ekomentaro,"@verane_imam aji mumpung to Mak,trs gunane perda(bisa diubah trgantung sikon)gt to",0,Neutral,male
299,verane imam,@ekomentaro trus selama ini kemana saja mas aturan perda itu sudh lama tapii kenapa masih di urus sekrg . Percuma kalau kita parkirnya dilahan pemilik cnth didalam pizza hut apa iya mau bilang aturan perda la kalau yang punya lahan la ini tempatku lo mas sya yo bayar pajak  Koyo gk ngerti wong ponrogo ae mas . Ibarat akua hari biasa 2000 aji mumpung kadang yo didol 5000 . ????,2,Positive,female
300,ekomentaro,"@verane_imam tujuan dr postingan Iki mau Yo iku(e_parkir)utk LBH menertibkan parkir,JD jgn mikire(Halah mandak rong ewu ae kok,La 2000 x Lo,opo neh sing 5000 x,brapa kali lipat ....sdgkan yg kekota itu ora mesti arep ne alun2 tok,kadang arep tuku klambi(PO neh pas bodo)dilok neng toko A,toko B,toko C,neng alun2(Mergo gak cocok pakiane/piliane dll)La kui ws muni Lo parkire,kadang mulih Sik rung oleh opo sing digoleki,muk bayar2 pkr aja..??????????",-6,Negative,male
301,verane imam,"@ekomentaro e parkingo yo tetep mbayar mas . ?? marai ya iku lo mas fikirane wong bedo bedo mas . Pomokno ke tok a b c d sampek z urung temu bajune yo tetep bayar 1000 peng, intine dilempit mawon mas kendraane ????",0,Neutral,female
302,irvanwahyuuu ,Pake e-money aja tinggal tap gitu kan enak atau bisa pakai qr code,1,Positive,male
303,ekomentaro,"@verane_imam loh,La Ra byr Ki py,????dg eparkir,(mungkin akan LBH trtib lagi,lak bayar 2000 Yo 2000,Krn wis dideteksi Ama mesin tsb(mungkin Lo ya????",6,Positive,male
304,verane imam,@ekomentaro ???? belum tentu mas . Merka yang punya lahan sendiri yo bisa mengUPkan biaya parkir lo. Contoh hari raya poper . Luwes . Pcc itu semua punya lahan sendiri . Ya kalau mereka juga aji mumpung ???? intinya smga dilncarkan riskinya semua bisa sedekah lewat parkir 1000 rupiah . daripada diwehne wong nga**n ngnu diwei 1000 sek nesu parkir 2000 ora mbok wei susuk mesti muni matursuwun opo meneh seng mbok wei mbah mbah tuwk mesti ditambah ngantos ngatos mas mbak .,1,Positive,female
305,noxers noxx,Laah lah tonggo ku ngono kok an,0,Neutral,male
306,dicko armadona  ,Cocok,-2,Negative,male
307,sate gule kambing bhayangkara,Alun alun juga ya d kasih e parkir,5,Positive,female
308,ekomentaro,"@verane_imam yg punya lahan ndiri kok dibahas,kn yg dbhas td ttg etilang,ya jls yg ada hubnya dg Pemda Wak,misalnya Yo parkir ne jln hos/alun2,",-2,Negative,male
309,noismaaa,@ekomentaro sepemikiran???? request diluar nalar bmkg,-7,Negative,female
310,noismaaa,"@awang_medyna10 anu e mas parkir ng lapangan nko mlaku ng gon tujuan e puenak ???? requestmu diluar nalar bmkg, lahan e ndak ono full omah",0,Neutral,female
311,triendahokta,"@yogiiprapmito setuju,opo meneh sing gaene blojo bahan kadang toko satu & satune kosong pindah toko liyane,sik kas sak nyuk an ae parkir padahal barang sing di goleki durung oleh??",-1,Negative,female
312,yunizu  ,"@yogiiprapmito rasa"" nya mau pindah negara??, tapi gimana caranya??",0,Neutral,female
313,chandraperdanputra,@mutiaraya__ dari pada ribet komen ndk msuknakal mending diam saja.,0,Neutral,female
314,hr kenn,sui sui kno E Toilet barang iki ngko??,3,Positive,male
315,nabilaputri 0  ,@hallondhy mbok ngono Ojo bawa uang banyak2 mbk di siap in 2ribu aja,-9,Negative,female
316,istaurini  ,Fungsi trotoar untuk pejalan kaki mana pak  kok semua angkringan,9,Positive,female
317,sugenghidayat  ,Jukir jenenge berek ngasi bingung kwi Lo..diwarai ngasi Isa.. ????,3,Positive,male
318,algaaarion,Bayare tetep gae tunai min?,-4,Negative,male
319,srimaharani   0,Maar nih melenceng dari topik info obat penghilang strechmark???,0,Neutral,female
320,eka andriana  ,Ya Allah..,0,Neutral,female
321,ridwanardiansah,"Sing penting nek parkir mobil gede opo truk yo di pikir kancane no, ben ora ngebek i dalan ngono kae ????",0,Neutral,male
322,denikochi,"La ngono kwi mbayare pie ?...
Moso ws gae alat kyo DC mbayare sik manual..yo podo ae boong dong..sak ora2.ne gae kertu",0,Neutral,male
323,ayokkoya,"E-til ae mbalik manual,kok malah njajal liyane????",0,Neutral,female
324,herypurnama  ,Wes ketebak endinge...,1,Positive,female
325,lilikteja,@srimaharani2930 cobain deh mba produk dari @solutionstrechmark.id ampuh banget say produknyaa saya juga strechmark parah setelh pemakaian rutin ga strechmarkan lagii deh mba,0,Neutral,female
326,gendondjadoel,Harus... E Parking itu keharusan,5,Positive,male
327,hallondhy,Di dpn dan sebrang pizzahut pernh parkirmobil 10 rb g disusuki. ??,-7,Negative,male
328,fatmaannisaaa,Sip lanjutkan,1,Positive,male
329,aldhebilla,@lilikteja emang beneran ampuh nih mba? Udah bpom mba nihh?,5,Positive,female
330,miyano sherry  ,@gustavianooo hla iyo lo...po meneh jukir e sing tuwo² ..contone bapakku..piye trus an ????,-3,Negative,female
331,celine itssclinee,"yang udh tua bgaimna dong,ksiann ga ngrti gituan??",-2,Negative,female
332,taufabella,"iyes...setuju biar biaya parkir itu tarifnya jelas,kadang gak dikasih kembalian",1,Positive,female
333,rahmawati nursya,@aldhebilla iyaa Iya mba tentu saja sudah bpom dan  bisa ampuh nih soalnya saya juga strechmark bekas lahiran bisa hilang & memudar ketika pakai produk dari @solutionstrechmark.id,5,Positive,female
334,ddddeviftr  ,"sek sek, lha iki bayare gawe opo ta gess? qris?",0,Neutral,male
335,wafiqul az,@gustavianooo ngakak??,-16,Negative,male
336,gustavianooo,@bruri____ dari rakyat untuk kantong pegawai pajak ??,4,Positive,male
337,lilikteja,@aldhebilla iya mba  tentu saja sudah bpom dan  bisa ampuh  soalnya saya juga strechmark bekas lahiran bisa hilang & memudar ketika pakai produk dari @solutionstrechmark.id,-2,Negative,female
338,hanisramadhani,iku bayare gawe qris iso opo gawe kartu emoney?,2,Positive,male
339,awang medyna 0,"Dari pada mikir gawe alat kui , mbok mikir nang di engon parkir sing luas, ura nang pinggir dalan kiwo tengen garai sempit dalane.  Wes di kelongi kanggo trotoar sakmno ombone kok yo gone parkir sik ng pinggir dalan pak pok ae to yo yo.. macet ??",0,Neutral,female
340,sutokoima,Aku tuku mainan neng boro2 parker 5000,1,Positive,female
341,wardoyo setiyo  ,"Rakyat bayar Untuk PAD,  PAD Untuk... ??",-2,Negative,male
342,nikoandika 0  ,"Kakean polah.. Apa dana untuk pembangunan monumen reog kurang kok pemerintahannya cari"" Dana di jalanan gt???????? Penggunaan eparking ini harusnya di alokasikan di tempat yang emang untuk lahan parking.. Bukan dipingir jalan gt.",3,Positive,female
343,yusron atsani,"Sip,lanjutkan,,",-3,Negative,male
344,ercikamc,Yok iso yok. Kuto kuto gede wes hal lumrah banget e-parkir saiki gilirane ponorogo iso nyusul ketertinggalan,0,Neutral,male
345,wiwik octa,,2,Positive,female
346,eline xiandhia,"Ditertibkan harus.... Tukang parking byk yg ga jlas ... Dksh  1000 minta 2000 , 2000 ga dikembalikan,5000  jg mau.... ??????",8,Positive,female
347,mrluckym n,nek bayare tunai tetep panggah isaw di UP,2,Positive,male
348,clarisalindaa,"Wajar masih sehari, siapa tau kalau berkelanjutan efek kedepannya lebih baik",-6,Negative,male
349, agisz ,Apakah bernasib sama karo E-tilang??,-4,Negative,female
350,yogiiprapmito,"@eline_xiandhia parkir alon alon timur depan pizza hut 10 ribu, 10 ribu kali brapa ratus mobil, hasilnya ngerti dewe ??????",1,Positive,male
351,elvandri rafsanjani,"Pemerintah yo kudu ngomongi tukang parkire, kerjone ojo mung nompo duite tok.. njogo lan merapikan kendaraan sing tenanan, lan ngarahne kendaraan sing arep mlebu metu...",-3,Negative,male
352,optik tasikmalaya,Masih perlu adaptasi,-1,Negative,male
353,mutiaraya  ,"Daripada ribet e-parking mending kasih fasilitas lahan khusus buat parkir, biar gak parkir dipinggir jalan! Yg solutif gituloo!",1,Positive,female
354,wijaya heng,Dana bocor paling di korupsi wong duwuran,0,Neutral,male
355,wahidhariz  ,"Jalannya buat parkir, telortoarnya buat jualan..mantap??????",10,Positive,male
356,add zim,"Nyapo kok g gawe gedung  parkir  di kei boom gate secure P / Centre Park / Iss ngunu terus ngidul e gawe  tapi ya di modif ben nyaman bayar e becak iku soko parkir, retribusi parkir gedung moco"" 9% dari omset parkir. Iku ono akeh pilihan pembayaran.  Gak usah gawe aplikasi maneh ngembek ngebek i hp. Tpi lek kur dilut parkir pinggir dalan ae limit 7 menit luwih soko iku di angkut nang gedung parkir",4,Positive,male
357,agungyuliyantonugroho,"Ya jelas ditolak,,dia kan jadi gak ada duit tambhan pemasukan??,,dan rawan pungli,klo sdh ada pungli biasanya akan ada preman...",-5,Negative,male
358,agungyuliyantonugroho,"@yogiiprapmito lbh anyel barang yg dicari gak ada,dan muter nyetori parkir??",-4,Negative,male
359, rjl ardi,Pelan pelan,8,Positive,male
360,agungyuliyantonugroho,"Kadang suka heran kok,,,kota lain bingung memperlebar jalan klo ini bingung mempersempit jalan??,,ente ini kadang2 ya....????",0,Neutral,male
361,becakmesinmaniaponorogo,@optik_tasikmalaya tp nek gonq seikhlase bos yg minimal  sesuai perda yg berlaku(manual)????klo gone erepane pean gmn bos,-13,Negative,male
362,becakmesinmaniaponorogo,"tp nek gonq seikhlase minimal sesuai perda tp jg ngono podo kurang kesadarane seikhlase podo abot,malahan motor 5rb nang seputaran alun""podo gelem????",0,Neutral,male
363,m iqbalprabowo ,"GK ribet nih min, jal ... Lek ruame ...",0,Neutral,female
364,rofiah achmad,"@yogiiprapmito iyaa betul sekali, kadang saya kalau belanja atau ada keperluan lain gag cukup parkir satu tempat,??",9,Positive,female
365,amruafa,"aneh"" e??",8,Positive,female
366,verane imam,"Kakean rengkek min ?? parkir 2000 ae kok bodo umek ae , daripada ngurusi kuii mbok tukang parkire djak ngurusi samlah sampah opo malah ditambahi pengahasilane ben karo nyapu ratan atau merwat bunga seng neng pinggur pinggir dalan kae . Oleh gae wes enek patugase nyatane samlah yo sek numpuk neng endi endi .",0,Neutral,female
367,yohan putrarakeri,Lama lama juga ga berlaku.,7,Positive,male
368,brurysayfullh,Mungkin jukirnya di training dulu....,0,Neutral,male
369,zacky punk,Seng sabar ya pak jukir??,0,Neutral,male
370,lia novitaaasari,Teknologi msa kini..... Kadang yg muda aja ada yg gaptek.. Apalgi bpk2 jukir.. Perlu ekstra utk belajar lgi... ??,-5,Negative,female
371,agungprihatmaja,Kaboten setor paleng wkwwkwk ????,4,Positive,female
372,tri pika  ,"Ya bukan kaboten setor juga,,kan jukir ndk indo kebanyakan sudah berumur,,ya kalo berumur mereka sekolah ndak papa toh masih bisa baca lha kalo yang dak sekolah kan ya kasian juga",0,Neutral,male
373,galih wie0  ,Alasan wae,0,Neutral,male
374,dhl info,Apik,0,Neutral,male
375,tharrymunyill,"Rumit apa cuan nya kurang? Biasanya kan 2k/motor, skrng 1k/motor??????",-3,Negative,male
376,ilove ponorogo,@tharrymunyill nice,-3,Negative,male
377,ilove ponorogo,@agungprihatmaja bner,1,Positive,male
378,zakariamahrez ,Karena kebiasaan 2 ribu dapetnya????,0,Neutral,male
379,evie r kusumawati ,"Ya karena jukirnya sudah sepuh wajar sih kalo di bilang rimit,,,",0,Neutral,female
380,singgih dwi hs,Pakai tas biar gampang bawa nya,0,Neutral,male
381,galery griya pusaka,Ora iso ngentit ????,0,Neutral,male
382,sulthon alhakim,Sek durung terbiasa pak.. suwe2 karek merem iso??,3,Positive,male
383,ahmad   x,Coboy.,-15,Negative,male
384,ponidi pamungkas,iku masalahe Ki nggur durung kulino ae,8,Positive,male
385,kangmaz supendi,@fyrs_rr ????,0,Neutral,male
386,mashelnasya,@muslihitz86 koment ter cakeeep??????,1,Positive,female
387,mhyshinta,"lanjutkan e-parking,sampek berlaku tenanan pokoke...mengurangi parkir ilegal??????..angger mandek endi enggon kenek parkir motor 2k..basamu wes nompo duite ditinggal ngalih??????..mbok'o ditulisane motor 1k..tetep dikon mbayar 2k??",-8,Negative,female
388,kristiazhwhas,"?????? ?????????? ???? ????????????,???????? ???????? ?????????? ???????? ???????? ????????????...???????????????????????? ???????? ????????????...??",-1,Negative,male
389,jejaklangit  ,"@itzsgaa_ pas ono konser denny caknan karo MNC TV poro jukir iso gae ngredit motor ngertio, difkir fkir sakjane yo mesakke, tapi dilain sisi kok greget ke yo lur",0,Neutral,male
390,jejaklangit  ,"@f3_ndra lhaa ndalah,podo, tapi sek ngenes awakmu, aku wae parkir mobil ning ngarep pendopo ditarik 2000,gek blas tanpa karcis, ngono kui piye jal, Indonesia arep dijak maju angel to, mbalek maneh nang SDM",-4,Negative,male
391,rudirianto       0  ,KALO ALESAN RIBET YA BELAJAR. KALO MASIH GAK MAU RIBET YA GANTI PEKERJAAN. TOH BANYAK YANG KOK GANTIIN KERJA KALIAN??,0,Neutral,male
392, raasgtiulti ,Regenerasi ae ga sihh??,0,Neutral,male
393,kustyoriniaprilia,Mlampah wae nek mboten purun parkir.. Ngono wae og bingung,1,Positive,female
394,dhul  0bhajoel,"Ribet? Sg ribet kw kui wg djak penak kg angel ,,negoro kog arep maju djak pnak ae modelan ngene ki sg garai ra maju2",-3,Negative,male
395,bosnyaran co id,Wkwkwk parkir oleh e akeh yo ?????? tak adek lahan parkir piye masuk ra????,0,Neutral,male
396,itsmeolv ,@aheunaegawijaya ben,0,Neutral,male
397,bangkit dc  ,@fyrs_rr aku arep komen bak e ws enek sng muni ????,-11,Negative,male
398,lanfy   ,@fllnh.m,0,Neutral,male
399,faisagussetia,"Y jelas lah tukang parkir nolak, y di setorkan sama hasil beda.??",3,Positive,female
400,mas acong ,Yo jukire wae seng di ganti,1,Positive,male
401,muhamd maghfur,"Lek raiso gawe alat/aplikasi ne ganti sg enom, kualitas SDM perlu di updated",-6,Negative,male
402,nuryadi    ,@edykusumaa pensiun,-2,Negative,male
403,nuryadi    ,@pradikaangga_ masih banyak tenaga yg nganggur,0,Neutral,male
404,misgiart,@fyrs_rr sudah terwakilkan twrnyata,0,Neutral,male
405,mas hakiem,"Orang yg menolak kemajuan, pasti akan mengeluarkan banyak alasan. Yg katanya ribet lah, susah lah...",-1,Negative,male
406,mbak hess,@michellia308 benar??,6,Positive,female
407,feri bbwr    ,pas ada e parking 2 ribu.kemaren gak ada e parking 3 ribu ??,-17,Negative,female
408,dickymhf,???? lucu,-5,Negative,male
409,yusyarifai,"Gak tau lah.....parkir manual seng ngentit jukir,la ko di gawe e parkir seng mangan...????nek podo ora transparan yo ora ush di wenei parkir,wong duwe motor/mobil yo wis mbayar pajek....kok yo sek mbayar PARKIR,ANEEEHHH TOOOO",0,Neutral,male
410,heeeennn,"Masyarakat ora menolak, jukir tok sing nolak",-3,Negative,male
411,dwik rahayu,??????,-3,Negative,male
412,awan prastowo,@heeeennn gasssss ??????????????????????,3,Positive,male
413,m anwar fauzi,Sing muni rumat rumit dicutik ae suwen.,5,Positive,male
414,wahyu listio,Ribet opo emang moh belajar?? Padene ben mbalik manual meneh?,0,Neutral,male
415,hmadsy   ,setuju banget lek semisal diterapno. gawe kebaikan bersama,4,Positive,male
416,enytamufidh,Parkir nang ngarep latansa duit 10rb arep ora disusuki..duit e lebokne kantong lsg..dikiro kene ra ngerti pd hal etok2 berpaling muka.mboso dienteni duit etok2 digoleki seng 10rb.delalah nang tumbukan duite enek 10rb.di iya i wae trs agi disusuki..,0,Neutral,male
417,enytamufidh,@enytamufidh duduk seng nang latar e latansa lo ya..seng dalan HOS.kan parkire dewe2 iku,2,Positive,male
418,garasi bangyos,"Nek ra gelem dadi jukir, munduro ae...nek maju2 keterak motor lewat ngko",19,Positive,male
419,mia rahayu0 ,Kalo pakek e-parking kena brpa permotor,6,Positive,female
420,ferysetiawanbs   ,@muslihitz86 padahal motor diwalik e ora??,0,Neutral,male
421,jenihendra,Kadang diwei 5 ewu gak jujul alasan gak ketok ??????... sekalian ngamal,-2,Negative,female
422,cinocaramel,Parkir kemarin di dekat masjid alon2 ada acara senam paud malah 5k dan tdk ada karcis parkir,6,Positive,male
423,ratu jagal,"Lanjutkan e parkir 
Biar pad naik",2,Positive,male
424,escoklatcokot hoscokroaminoto,"@fyrs_rr padahal jukir itu setornya ke dinas perhubungan setiap bulan,dan sudah dipatok tarif setornya.cara ngentitnya gimana ya mbak???",0,Neutral,male
425,nurrofi mahmuda,"Jenenge belajar ki yo alon2, urung2 kok wis sambat",4,Positive,female
426,s roni0 ,"Mbok yo nng POPER pisan di kek i e parking,angger rono pas hari² besar kok parkire ngalah²no kota besar",0,Neutral,male
427,itss silviyuse,@escoklatcokot.hoscokroaminoto  la nggeh to mbak bener.. Padahal jukir resmi iku ya setiap bulan e setor ini ya naik setorannya.. Kok enak men ada yang bilang ngentit ?? pendapatan naik daerah karena ada parkir pas acara kemarin dan yang kasih tarif mahal orang yang baru baru bukan tukang parkir resmi..,1,Positive,female
428,itss silviyuse,@dana_pradan  pie ale ngentit mas la wong jukir iku ya setiap bulan ya bayar setoran ndek dishub lo ??,4,Positive,female
429,itss silviyuse,@faisagussetia  setoran e sesuai yang di katakan dishub ta wong jelas kok e,-9,Negative,female
430,faisagussetia,"Emmm no komen mbk, tapi nopo kok nolak?",-2,Negative,female
431,dana pradan,"@itss.silviyuse bener setiap bayar bulan, tapi sg dibayar karo pemasukan e bedo wkwkw wong pengunjung parkir kebanyakan ga diwei karcis, karcis e maleh dadi akal akal ane jukir sg senengane main pungli",-10,Negative,female
432,itss silviyuse,@dana_pradan  seng dibayar teng dishub niku nggeh sampun di target kaleh kantor e lo mas ??  ng kurang setoran e mawon nggeh di golek i kok e wonge mas,-2,Negative,female
433,dana pradan,@itss.silviyuse okaayy,0,Neutral,female
434,marin marko,"Nyuwun sewu pak @sugirisancoko26 kalian @dishubpng parkir pinggir jalan kados jalan HOS niku tarif / bayare pinten geh sakniki tirose enten sing roda 2 2000, roda 4 5000 nopo leres soale nembe dek wingi pas badene parkir mboten enten sing mapakne moso bade wasul langsung diparani gek bayar 5000 biasane disusuk i 2000 kok mboten.. nggeh leres menawi eparking dipun terap aken damel antisipasi pungli jukir meniko..??",3,Positive,female
435,rifadno,@michellia308 ng alunalun 3k,-3,Negative,male
436,michellia 0 ,@rifadno kalo ada acara 5k?? saya selaku kaum pelajar sedikit keberatan sebenarnya :'),-8,Negative,female
437, omahelektronik,@fyrs_rr ????,0,Neutral,male
438,rifadno,@michellia308 laiyoo mayan ya 5 ewu kenek gawe tuku jus opo pentol goreng wkwkw,-9,Negative,male
439,pradikaangga ,Nek ruwet pecat ae jukir e??,0,Neutral,male
440,muslihitz,"Padine ra iso ngutel ae kok kakean alasan ribet, paling pegel ki motor ra di kapak""ne nk parkir, yo sek panggha di jaluki duwek parkir nk ngaleh",1,Positive,male
441,hantoro krista,??ribet karena penghasilan jukir berkurang drastis.... Ayoo gas.. Demi kemajuan.. e-perkir aja,-11,Negative,male
442,edykusumaa,Jukire pun sepuh ??,3,Positive,male
443,erwincaprut,@fyrs_rr  wkwkwkwk,-3,Negative,male
444,ursa maritimus,@bimaekanusantara_ @ramaakukuh,-3,Negative,female
445,bimaekanusantara ,"@happy_ursus no comment, urusane wong pusat",-8,Negative,male
446,super tedjo,"jukir kan emg cm dikenai wajib setor, klo lewat e parking gak gitu konsepnya ????",1,Positive,male
447,nunu sgt,"Iya pak @dishubpng e-parking aja,.. karna lbih tertib dan ga marai emosi. Soale marai aku emosi pak jukir² sg diwei 1000 tpi ra gelem nampani. Mekso² kon 2rb, sdangkan disaat itu ra enek duit receh. E-parking emng butuh waktu sosialisasi, baik penggunaan dan caranya, seiring brjalannya waktu nanti juga terbiasa",-3,Negative,female
448,ramaakukuh,@happy_ursus barang opo wi,0,Neutral,male
449,miyano sherry  ,Penghasilan berkurang...(pernah parkir motor di salah satu ruas jalan hos Cokroaminoto..saya kasih 5ribuan..kok dijujuli 2000.. aq yo nge gas to..sejak kapan parkir montor malih 3000?!!?. Trus mbi jukir e dijujuli 3000.. alasane salah ndudut duit..??????),2,Positive,female
450,alfanzain id,"Berarti faktanya, jukir kuwi curang. Wes narik e 2000. Sing disetorne mung sitik",1,Positive,male
451,masrur asyrofi,Setuju e-parkir,1,Positive,male
452,alfanzain id,Njaluk pemimpin e ora korupsi. RAKYATE DEWE HOBINE YO KORUPSI ??????????,-5,Negative,male
453,mohamadaxel,"nahhh klo kaya gini enak, jdi harga buat parkir ngga seenaknya sndiri wkwk",2,Positive,male
454,f  ndra,"Helih lagek iki mau isuk enek acara TK ning alon2..... Motor ditarik 3000,tak lokne mung mesam mesem jukir e..... Nemen lak golek bathiii",-9,Negative,male
455,chukyt,Jumlah Peningkatannya itu yg biasa nya masuk ke jukir tuh ??,-2,Negative,male
456,snailmucica,"Pernah arep tuku klambi ning ninetynine tp ora enek sg digoleki, metu sek bayar parkir,..",0,Neutral,female
457,ratnayas,Pakai e-card aja yang lgsung tempel gtu,-12,Negative,male
458,vickyalin  0,Data lengkapnya ada min ?,8,Positive,female
459,muh     ,Lebih baik di makan rakyat dari pada di makan wakil rakyat.??,2,Positive,male
460,dana pradan,"Sudah keliatan kan punglinya, sblm e-parking PAD 71jt, setelah e-parking naik 134 juta.. Ternyata bukan oknum pejabat ae sing seneng duit panas, kebanyakan jukir juga senengan e pungli... Makane diterapkan e-parking menolak,, ketar ketir pemasukan menurun mergo wes gaiso pungli neh sing jukir nakal....",0,Neutral,female
461,ismaisma0 ,Jaman pasar malem wingi..parkir ditekok i byar pinten pak..sak ikhlas e mboso diwei rongewu lek ngomng jane telungewu lo mbk ??????????????,-3,Negative,male
462,windy imnida,Itu lah alasan knapa saya muales lak kon metu2???? . Mandek pirang nggon parkir e wes muni .. Po mneh lak tmpat e rame saiki rata2 3k??,1,Positive,female
463,anggaraffiq,"Nah nek wes akeh hasile, tulung ojo di korup.",-5,Negative,male
464,add zim,Lagian bahu jalan buat parkir ya paling gak tertibkan garis sepadan jalan atau berikan fasilitas parkir. Klo bahu jalan seakan mau uangnya saja fasilitasnya gak diberikan. kan parkir itu jualan fasilitas. Tolong lah plisss. PAD itu juga harus sejalan dengan peraturan.,-10,Negative,male
465,seratan jawi,"iki wìs ar?p event gr?b?g surå , area al?n² wajib e-parking , bén ora meresahkan???? @dishubpng",0,Neutral,male
466,darmawanathan  ,"trus..pajak meningkat, fasilitas harus meningkat jg nggih..",-4,Negative,male
467,mrizalrotim  ,Mohon tukang parkir kalok niat parkir,0,Neutral,male
468,itsmeolv ,Setujuuu pollllll. Aku ndue RM yoan tukang parkirku gae ne ngentit ?? tak jamin parkir pinggir dalan yo ngnoo. Wajib E-Parking ????????,2,Positive,male
469,itsmeolv ,Sing nolak2 kon prei ae dadi jukir ????,-4,Negative,male
470,karleshaaa  ,@ismaisma04 sek mending mba 3 rb pas rme rme e 5rb wkk,-8,Negative,female
471,ismaisma0 ,@itzsgaa_ wkwkwwk..mlahan ??,1,Positive,male
472,dianhadinurrohim,Joss lah .. biar ngga dipalakin parkir liar ??,2,Positive,male
473,denispariwara,@es_mawe setuju Bang,0,Neutral,female
474,denispariwara,"Mungkin masih banyak jukir yang lebih berkompeten, cekatan cak cek",7,Positive,female
475,tatan t,"Ya perlu edukasi ae toh, titik ribet te ae, padahal lek wes berlajalan sistem e Yo mempermudah semua e ??????",2,Positive,male
476,mrshl gngsrsputra,Ebes melbu ig coy????,0,Neutral,male
477,black sheep id,Wih 134-71 selisih pinten niku,-2,Negative,male
478,aheunaegawijaya,@itsmeolv_ keras men ajae mbak,-1,Negative,male
479,regytaaprylia,"@niken.laa sabar mbak , ben dibales si ng nduwur??",-1,Negative,female
480,op bensin,Bukan ribet tapi ceperan ne kurang ??,0,Neutral,male
481, lookatmoo,Apakah praktik korupsi dimulai dari sini??? selisih 63 jutaan????,-3,Negative,male
482,anggara   ,Lanjutkan untuk e-parking nya??,3,Positive,male
483,sutokoima,Di moborobo parkir mobil ja ditarik 5.000 ... ??,2,Positive,female
484,wijaya heng,Rubicon,-3,Negative,male
485,Zumaro Qoirul,"betul, semangat perubahan.. ??",0,Neutral,male
486,Hendro Setyawan,"itu masih belum seberapa, coba kalo sudah full di model kayak e toll harus top up saldo dulu . tp mudahnya gak ribet masalah jujul. hehe. btw bayar via sopipay/gopay bisa gak",5,Positive,male
487,Putra Reog,Akan lebih baik jika diberi pelatihan dulu ...??,-4,Negative,male
488,Fadillah,Ntar lama lama juga terbiasa... Semua itu butuh waktu... ????????,2,Positive,male
489,Ariz Tiany,belum terbiasa jadi masih ribet,7,Positive,female
490,Saidhan Efendi,Ribet karena blm terbiasa dan banyak jukirnya sudah ber umur...jadinya gaptek..,-1,Negative,male
491,Indra W P,Lanjutkannnn ??,2,Positive,female
492,Aji Ji,"Sebelum menuntut gaji UMK Ponorogo, harusnya menuntut pembekalan dan SOP apa saja yang harus diperhatikan. Gaji UMK tapi ga mau sesuai SOP ??",-1,Negative,male
493,Entop Tawon,Adakan pelatihan buat jukirnya biar sat set das des gak ngantri kaya di SPBU. Tdk semua pelanggan parkir nyantai tapi ada yg buru2 cepat sampai drmh atau punya 7an lain.,0,Neutral,male
494,Advan Putra,"Jangan hanya diajari cara penggunaan alat elektronik parking, tp juga diajari cara parkir kendaraan yg baik dan benar.",0,Neutral,male
495,Indrayani Crochet,Jajal parkir online aah....,-2,Negative,female
496,Jalu Rayhandra,Wong kesepakatane Podo nolak la kok ngene akhire ????,-5,Negative,male
497,Danang TW,"Intine
Lek noto amrih pemasukan daerah meningkat (mengurangi/meniadakan kebocoran) 
Oke oke wae

Asal imbal balike ke masyarakat juga ikut meningkat ????????",-5,Negative,female
498,Dony S,Koyo tau ra asing seng numpak montor kui...,-5,Negative,male
499,Sighit Krestiyawan,"Enek sing luweh penting dari sekedar E, yo iku ora ngilang nek pas parkir, tapi teko pas arep mbayar ????",1,Positive,male
500,Zumaro Qoirul,"betul, semangat perubahan.. ??",-6,Negative,male
501,Ariz Tiany,belum terbiasa jadi masih ribet,-15,Negative,female
502,Hendro Setyawan,"itu masih belum seberapa, coba kalo sudah full di model kayak e toll harus top up saldo dulu . tp mudahnya gak ribet masalah jujul. hehe. btw bayar via sopipay/gopay bisa gak",-15,Negative,male
503,Saidhan Efendi,Ribet karena blm terbiasa dan banyak jukirnya sudah ber umur...jadinya gaptek..,-9,Negative,male
504,Indra W P,Lanjutkannnn ??,0,Neutral,female
505,Putra Reog,Akan lebih baik jika diberi pelatihan dulu ...??,-3,Negative,male
506,Fadillah,Ntar lama lama juga terbiasa... Semua itu butuh waktu... ????????,-2,Negative,male
507, nanangnanang    ,Parkir sekarang pakai digital setiap petugas untuk mengurangi jukir liar sangat setuju berdasarkan perda 2024,4,Positive,female
508, rggaming    ,kebnyakan tukang parkir ponorogo. setiap masuk toko ada tukang parkir..jalan umum d buat parkir jadi nya makan jalan hampir separo.,2,Positive,female
509, rggaming    ,kebnyakan tukang parkir ponorogo. setiap masuk toko ada tukang parkir..jalan umum d buat parkir jadi nya makan jalan hampir separo..,14,Positive,female
510, user nk zu no y,kenapa gak pake parkir berlanggan pake stiker???menolak e parking ??? emange ini jalane mbah mu ??????,-2,Negative,male
511, dickykrisnanda    ,Turu ae kalau gak mau e-parking males kerjo minta upah??,-7,Negative,female
512, zvq    ,"Sebuah terobosan yang HEBAT...!!!!
Alhamdulillah kota ini mempunyai ide yang brillian, saya pernah tinggal di beberapa kota dimana di salah satu kota tersebut perasaan tiap sejengkal tanah ada tukang parkir sampai-sampai mau beli barang sepele aja akhirnya ngga kebeli krn uang berkurang banyak untuk bayar parkir sana-sini. Mereka juga ngga setor ke pemerintah dengan jujur, motor hilang juga ngga mau ganti, uang parkir sebagian besar hanya utk kepentingan pribadi, bahkan utk pengusaan lahan parkir antara mereka jual-belinya nyampe ratusan juta bahkan milyaran. Hilangkan tukang parkir manual sebelum menjadi-jadi, ganti dg E-parkir agar uangnya bisa utk menambah BLT masyarakat miskin, kasih mereka cangkul & sabit agar lebih barokah karena parkir menyusahkan masyarakat, parkir manual tidak membantu masyarakat tapi lebih ke arah premanisme.",-1,Negative,female
513, smartstudent    ,"E-Parking d pinggir jalan emang sulit, g enak, ruwet, mending benerin dulu lahan parkirnya biar ada jalur masuk sama jalur keluar. Jangan hanya krn lebih mudah jadi dikerjain duluan. Semua tuh ada tahapannya. Ibarat masak mie, didihkan dulu airnya jgn langsung masukin mie nya, nanti lodoh.",-8,Negative,female
514, arifinsiregar 0 ,Alah gabisa korup kalo pake E-parkir,-9,Negative,male
515, indonesiahebat    ,Semoga dibayar tidak menggunung.,8,Positive,male
516, jakabaring   ,Parkir liar lahan basah buat orang malas ????????,-6,Negative,female
517, robbycandra    ,"Ga mau ribet, ga usah kerja.",-7,Negative,female
518, andrisetiawan 0  ,Alhamdulilah semoga tidak ada lagi parkir di alfa dan indomaret,5,Positive,male
519, adolfbastian   ,Alasan rumit mrk ngambilin uang parkir tanpa karcis resmi enak bener gada bedanya sama KANG PALAK. Lanjutkan e-parking!!????,-10,Negative,female
520, cowayofficial,"sebenarnya simpel aja sih, jalan itu yang bangun pemerintah, ya apapun kegiatan diatas nya menjadi milik pemerintah sepenuh nya, asal dilakukan dengan kejujuran dan transparansi..",0,Neutral,male
521, ariusbudiman  0 ,JP ini salah satu kerjaan yang unfaedah.,0,Neutral,male
522, bekicot  ,Rumit karena ga bisa masuk kantong sendiri,-5,Negative,male
523, satreaaji,"Bukan rumit, tp ga bisa masuk kantong, ya kan mana pernah jukir kasih karcis parkir ??",0,Neutral,male
524, sanquotes    ,"Bukan masalah rumit, tpi penghasilan meraka pasti berkurang",-2,Negative,male
525, blackbeard    ,"Bukan RUMIT.
belom beradaptasi.
Klo yg ngomong JUKIR merepotkan karna dia ngak dapat lagi UANG GELAP dari parkiran.
Klo E parking sdh dipahami matilah para JUKIR seluruh NASIONAL",-3,Negative,male
526, genibumi,"Oo ponorogo yg kota reog itu ya , katanya daerah itu terkenal dng negeri balon nya",2,Positive,male
527, adolfbastian   ,"Dan semua dinas pemda hrs ""dipelototin"" krn pemasukan pendapatan daerah rawan dikorupsi??",-8,Negative,female
528, indonesiahebat    ,"Semoga pengelola aplikasi dibayar tidak kabur alasan juga korban, ternyata tidak dianggarkan .",,,male
529, adityapratama    ,"main idea is good, but the device needs more efficient",,,female
530, suhartopwr   0,Pasti  rumit  parkir kok pakai sistem  elektronik  urus  para  korupsi  yg jumlahnya besar 2  parkir paling  2000 motor  mobil  50  000 ke bawah,,,female
531, ahmadmuthi   ,Alasanmu ae pak,,,male
532, unboxingapapun    ,Untuk menjadi maju maka manusia hanya butuh adaptasi,,,male
533, afendibekicot    ,"Bukan rumit kali , ytta ??",,,male
534, Reni qm ol,Aku mendukung mu pal E parking,,,female
535, user nk zu no y,what do u mean by more efficient ??  is it too heavy ??? they want easy life,,,male
536, adityapratama    , @user-nk8zu2no5y  blm prnah liat sistem parkiran di mall kah?,,,female
537, Chank fanaya,"Mungkin bingung cara pengoprasiannya ....tidak semua pandai,
Tidak semua mengerti huruf,
Tidak semua bisa baca.",,,male
538, Nastar   ,Namanya juga orang tua ?? coba anak muda udah pasti cepat itu ??,,,male
