Comment,Label,sentiment,predicted_sentiment
jakarta parking elektronik pakai e-money flazz brizzi kartu-kartu yg masuk tol,Negative,0,0
bayar pakek gopaydana opo sopipay,Negative,0,0
pembayaran gampang pakai qris,Positive,2,0
gak bismillah bisaaa,Positive,2,2
wkwk berharap parikir motor ponorogo jawa timur 1000 amin,Positive,2,2
kadang rencana ngasih ribu trus tau ga dikembaliin malih ga hehehehe,Negative,0,0
inggih kadang kaum ibu2 belanja tdk klo 5 10 rb,Positive,2,2
pakai uang tunai kak bayarnya,Positive,2,2
ponorogo hebat,Neutral,1,1
bener,Positive,2,1
mantull,Neutral,1,1
sing parkire rapi,Positive,2,2
oh iyo ben macak kegawe anggaran e,Neutral,1,1
mbok ngnoooo ben parkir motor gak 2rb,Positive,2,2
purwokerto banyumas parkir motor esih 1000,Positive,2,2
si sdm,Neutral,1,1
poin pertanggung 3 gak berani tanggung pajak masuk akal,Negative,0,0
jajal 10tahun kas tibake sdm e sek podo,Negative,0,0
suka konsep perlahanlahan ponorogo go digital,Positive,2,0
si satir,Negative,0,0
chuaks,Neutral,1,1
kasihan jukir tua paham aplikasinya,Negative,0,0
baguslah jd gak merugikan masyarakat kecilâ gak sesuka hati kasih tarif udh peraturan yg tulis jalan2 berapa2 parkir motor mobil,Positive,2,2
layo ngono mbokan moso parker motor 2k,Neutral,1,1
nguyoh ae 2000 ngasi parkir 1000,Positive,2,2
dijak maju gk gelem ngko eparking wes jalan gnti komen mbok yo ngne ket biyen,Neutral,1,1
biasane emg gt mas yaa tau ponorogo terobosan bayare pake qris,Negative,0,0
gak enak langsung jukir,Positive,2,2
berdasarkan keputusan gubernur jawa timur nomor 188889kpts0132022 upah minimum kabupatenkota jawa timur 2023 upah minimum kabupaten ponorogo 2023 rp214970945 akeh bayaran sg sak ngisore iku biaya hidup e ng ponorogo jan tenan fasilitas sih apik yo iku pendapatan masyarakat e ben iso munggah iku kudu wehi solusi sek moco enek komen sg kecepeten 10 setuju iku inarat ne buta map,Negative,0,0
setujuu,Neutral,1,1
setuju poll min ben tukang parkir i ogak sak kuarepe dw tandang wegah bayar 2000 jane ra sepiro sih lek nyatane kendaraan e awakdewe ra diamankan ki ngwei duit parkir ki yo marai mangkel,Negative,0,2
nggih leres setuju,Positive,2,2
mening iki minjelas piro2 ne tarife la mso diweii sewu lambene mecocong ae,Neutral,1,1
1 arah sempit ponorogo hebat,Negative,0,0
oh iya yg pake qris jakarta semoga aja ponorogo pake qris,Positive,2,0
sdm rendah coba kaya gitu,Negative,0,0
ngangge diamond mas,Positive,2,2
masookk,Neutral,1,1
sing dek mben nggremeng parkir larangkui lo ws kabulne ben reti nek parkir gur sewu,Positive,2,2
kasih 1rb koin ngomel2 lumayan tuabiasa kalo tukang parkir tua kasih,Negative,0,0
bagus positif,Positive,2,2
parkir neng etan alon ki maeng dijaluki 2000 sikan min,Positive,2,2
taman jalan mengganggu bahu jalan parkir jalan terwagu,Positive,2,2
salfok karo tulisan parkir penitipan trus nk motore ilang karcis parkire gratis,Neutral,1,0
"diharapkan hal, gaji lelucon. dituntut serba canggih, kaya kaya, miskin menderita. umr seimbang. gaji pas-pasan. benar, capek capek mencari kerja. sedih gaji rata-rata. semangat pejuang rupiah",Negative,0,0
bagus menghindari parkir liar bayar liar,Negative,0,0
bayar pake cash pake emoney kedepannya,Neutral,1,0
setuju,Positive,2,2
up,Neutral,1,1
bayare pake opo min tf opo pake emoney,Neutral,1,1
payung ngarepe smp6 kae iso nganti dicem,Neutral,1,1
"digaji rakyat, difasilitasi mewah rakyat, bekerjalah melayani rakyat. permudahlah urusan rakyat kemampuan dimiliki, teknologi canggih. sesuaikanlah gaji fasilitas pejabat nikmati kemudahan fasilitas rakyat mudah adil semua.",Positive,2,2
sipp maju,Neutral,1,1
jajal admine moro gawe video singkat pembayaran e parking ben kabeh ruh,Negative,0,0
sisan dalane raya didandani kecamatan pelosok,Negative,0,0
seumpama mertamu masuk gang parkirnya didepan toko biaya parkir,Negative,0,0
aneh aneh tau sdm stuck kecepeten 10 taun,Negative,0,0
kacau,Neutral,1,1
alhamdullilah ponorogo maju mending kasih uang 2000 kasih kembalian,Positive,2,2
kalo pake motor mending bawa masuk gang ae kalo pake mobil ya resikonya parkir diliat gang,Negative,0,0
yuk yuuk,Positive,2,2
ketok e gawe kartu sih koyo mlebu nek tol,Neutral,1,1
jajal sek ae mas mengko kenek dikaji meneh cocok opo orane metode parkir ngono iku,Negative,0,0
sipbuat ngurangi pungli,Neutral,1,0
halah berhenti diterapkan,Negative,0,0
wealah ngono digenahne,Neutral,1,1
gae latihan lurr bn iso mumpuni sdm e,Negative,0,0
huahuahuahahahaha,Neutral,1,1
parkir e ojo neng pinggir ndalan sisan gek dipalang ne ngunu ae genio,Positive,2,2
lhadalaaah,Neutral,1,1
hehe,Neutral,1,1
kenal karo sing ndi,Positive,2,2
mlio boro useln motor mobil sak e,Negative,0,0
susah men,Negative,0,1
parkir diribet-ribet in,Positive,2,0
parkir e mbayar nopo mboten,Positive,2,1
setujuuuuuâ hilangkan tukang parkir,Negative,0,0
kaya antri pom gak,Neutral,1,2
jan wkkwkw,Neutral,1,1
coba selidiki mini uangnya masuk kemana,Negative,0,0
ewarteg gk enek to min,Negative,0,0
nek arep mbayar angsuran harian piye bos nek wis ngono kui,Neutral,1,1
piye ta kih,Negative,0,0
byuuuh giniya kene enek lho eneme padang,Negative,0,0
lhaaaa,Neutral,1,1
sik urung parkir,Negative,0,0
shodaqoh ng masjid ae maton drpd shodaqoh tp grundel mslhnya brg gk pakek parkir maton prayo malih grundel,Positive,2,2
jane yo ngono karepku yo asline gk onok gunane parkir yo mapakne dw pas arep ngalih jaluk duit,Positive,2,2
setujuuuu,Neutral,1,1
ribet pemuda mengerti kondisi masyarakat ponorogo diterapkan jalan nggak cari muka ide ribet kacau. tolong cari muka,Negative,0,0
tetep cak cek biar ga nunggu,Negative,0,0
tukang parkir sing ra enek karcise 2k trus ra gelem noto ruh ruh nagih auto ketar ketir,Negative,0,0
gelem natakne motor iso2 ngewei kerdus ben gak kepanasen motor e nek gur moro2 nagih duit tok gak gelem natakne motor yo enak temen kerjone,Positive,2,0
trus complain ng sopo ngene ki jal,Neutral,1,1
hospot aja ibukku bingung scan scan to miiin,Positive,2,2
keburu macet,Negative,0,0
mugo2 alat eparkir kui iso setting parkir 10 menit gratiskejadian koyo awakmu ben ora terulang,Negative,0,0
ayok mas solo digae ngunu,Positive,2,2
malih dadi selebgram ngene tibake,Neutral,1,1
juru parkir sing meresahkan yoiku bayar 2 ribu gak disusuki bayar sewu gak diseberangne sakjane aturan parkir terbaru piro ya,Positive,2,2
halah dalan ombo digae sak arah mbasan wes sak arah mek gae parkerr marai macet tok,Negative,0,0
cari rokol eceran pakai aplikasi. cari makan susah nambah disusahkan parkir. parkir pakai hp gathel po pye,Negative,0,2
mlebu toilet gekne engising,Neutral,1,1
memper sulit tukang parkir tua,Negative,0,0
pergi kang parkir,Negative,0,2
sistemnya enak dikasih ribu trus langsung gas,Positive,2,2
pokok padamu pakbu semerintah arep digawe pie ae sing ngene iki ttep manot,Positive,2,2
disuruh pergi,Negative,0,0
poneh montor dipapane ora agek didelehne wes diparani tukang parkir nyebrangne yo ora biangeten,Negative,0,0
haha kandani kdg maune gk onok wayah arep ngalih muncul,Negative,0,2
yo mugo ae la nk minimal 10mnit ngono yo gpopobareng 5mnit ae msok yo kon byr parkir ng surya bayar parkir ng kasir hdeh,Negative,0,0
setujjuuuu polll drpada baku hantam trus kro tukang parkirpas teko g enek sg nyambut pas arep muleh tukang parkir pdo kruyuk teko kyo laronn,Negative,0,0
ribet cuk,Negative,0,0
krungu krungu pasar lanang iku ameh digae parkiran mobil ngono min jane cocok lo kui,Positive,2,2
iya sih piye ya kak bingungne terah gawa kanca wae kak kon nek motor,Positive,2,2
ndaraku ya ngono,Positive,2,2
sing durung kulina,Positive,2,2
meresahkan piye lur,Negative,0,0
watduuuh lha piye penake kak,Negative,0,0
laaaah ya tekan konoooo nele piye ta kih,Negative,0,0
sing durung kulina penak e parking,Positive,2,2
wkwkwkwk tau arep baku hantam,Negative,0,0
lho emang yg bener parkir karcisnya karcis nggak pas parkir lha duit gelap,Positive,2,2
waah,Neutral,1,1
pakku tuek min hpne 3315 gawene ngopi ng kno,Positive,2,0
la aq karo anakq lo bos pdhl ankq numpak ng motor mlh ng surya byr parkir e ng kasir hdeh parah,Negative,0,0
keburu lari,Negative,0,0
wealah susah,Negative,0,0
wealah jare arep dadi taman mall pelayanan public arep dadi parkiran saikilika liku pasar lanang,Positive,2,2
wealah sih ngendi nek ngopi ya karo kowe ora,Positive,2,2
lari duluan gimana,Negative,0,0
ijen gawene losss,Neutral,1,1
tugase kui ngko nyapo min wes enek eparking sek dilibatkan,Negative,0,1
memudahkan orang cashless,Positive,2,2
weh ngono ya kak,Positive,2,2
lha iku ngoperasikan alate iku sing dicekel iku lho,Positive,2,2
weh piye ta e ditokne dhewe,Negative,0,0
"orang pulang aja antri dulu, nunggu beli bensin",Positive,2,0
piye pek,Negative,0,0
sing tenang kak,Positive,2,2
piye kak penak sing ndi,Positive,2,2
mbayangne ae nek metu barang seng teko bareng tukang parkir e kiro polah e piye,Negative,0,0
nyekel parkir daerah ngendi mas,Positive,2,2
umpama blonjone neng kono masgeg gowoo mobil trus parkir ngendi,Positive,2,2
"butuhnya cepat atur,disebrangin jukir keburu antri kerjaannya menata montor",Negative,0,0
beh kaget,Neutral,1,1
aq eling ngono pegel ae bos wes susu gk kelangan bayar parkir kono kene,Negative,0,2
diatur gimana hemmm,Neutral,1,1
lhadalaaah mall pelayanan dudu mall blanjan,Positive,2,0
penak sing ndi jane kih,Positive,2,2
dijajal,Neutral,1,1
siji ae min lek iso samsat kae gratis parkir e,Positive,2,2
ak nang jepang min,Negative,0,0
gae scan qr code qris wae mbayar e,Neutral,1,1
oke deh rpp onok kemajuan,Positive,2,2
team mlipir nyimak sek menowo isek enek celah,Negative,0,2
iya sih ya tau og golek barang ndak ya kudu shodaqoh sing sabar kak ben lancar rejekine,Positive,2,2
watduuuuh ngono ya,Positive,2,2
sik tos sik,Neutral,1,1
piye carane kuwi sing zuzah,Positive,2,2
seksek alesane ribet oke masuk akal tp nek penghasilan menurun aneh ya maleh,Negative,0,0
biasanenek uji coba iku bakale evaluasi formalitas negri konoha biasane ngunu,Positive,2,2
penak eparkir pengalamanku bayar sesuai aturan kenek plilikan mripate tukang parkir ngono ngueece karo ngguyuarep taat aturan susyah tenan,Positive,2,0
lhaaa,Neutral,1,1
hmmhehe pokok ora jotos jotosan,Negative,0,0
heheh enek sing berpendapat soale wayah ngurusi sing arep metu 2 sing siji urung kecandhak wis mlayu dhisik mungking ngono,Positive,2,2
okeeeee,Neutral,1,1
semoga iso dadi apike kabeh,Negative,0,0
lha kadesnya gimana kak ndak info,Negative,0,2
po yo iso dikontrol nek manual wkwkwk,Positive,2,0
mugo2 dudu mung alesan nek penghasile berkurang gara2 setoran e neng dishub akeh wkwkwk,Positive,2,2
ono ono wae saiki peraturan anyr dadak e parkir,Positive,2,2
penak ra penak min,Neutral,1,1
intine gelem maju opo mundur,Neutral,1,1
parkir pcc aja dikelola ketiga,Positive,2,2
jaman digital sdm ya upgrade tujuan pemkab modernisasi utk meminimalisir kebocoran pad bertambah,Negative,0,2
yg jlas ditertibkan jukir yg ngentolan udh jlas trtulis perda tarif parkir brp seenak e parkir sbnrnya bagus mudah udh terbiasa menghindari kebocoran pad jg yuk maju yuk ponorogo hebat,Positive,2,2
maaf setau sy klo jalan desa masuk cover dana desa jd lgsg kantor desa,Positive,2,2
desa nya pungli pakini heran jalan masuk desa2 yg semen kerumah aja yg belom,Negative,0,0
asli br 3 pindah ktp dsni sprtinya org pasrah2 sajaini udh bertahun2 gada perubahan sm,Positive,2,2
info sblm pandemi dibangun sekrg blm ad perubahan sm,Negative,0,0
manual tech dadak gae noz barang,Positive,2,2
giegerno ae,Neutral,1,1
bolak minn,Neutral,1,1
jane lk podo bingung mending mlaku ae,Negative,0,1
blas ketoke min,Neutral,1,1
bisanya bantu doa pakai lektronik semoga upah tukang parkir disesuaikan gak agal pas pakai karcis,Negative,0,0
menolak penghasilannya gak kelong akeh,Negative,0,0
iso jaman berkembang kabeh2 serba elektronik jd yo kudu adaptasi,Neutral,1,1
penak eparkir bayare parkir murah min,Positive,2,2
enak e parkir aja tukang parkir yg ga ngapa in ehh uang wkwk,Positive,2,2
wes kono lurr piye karepe,Negative,0,0
jukir nolak eparkir kene yo nolak mparkir podo nolak e akhire gk sido mbayar,Neutral,1,1
klo alasannya berkurangnya pad daerah pasang aja banner foto viralkan jukir yg karcis udah gitu aja jukir ketar ketir ribet pake elektronik,Positive,2,2
alasannya emang jukir setor uang pemda gak sesuai target kemarin yg matok 15k mobil lebaran,Positive,2,2
kyok sistim gacoan surya swalayan bayar parkirnya kasir kebocoran tarif e podo tur ora dislewengke,Negative,0,0
seribu brogua parkir mobil gua kasi 10ribu gua dikasi kembalian e kaburmending sistem langsung masuk kas daerah,Negative,0,2
protes kesusahan pakai alat elektronik yasudah biar diganti anak anak muda lulusan menganggur,Negative,0,0
lhadalaa,Neutral,1,1
la,Neutral,1,1
kyk gak ikhlas gt ya terkesan maksa kyk maling kalo bca kasih 2rb dikasih kembalian 1rb kalo ditempat sekitaran hos cokroaminoto gak dikasih kembalian daerah balong dikasih 2rb jg ga dikasih kembalian,Positive,2,2
ikhlas gag ikhlastp kejujuran perda dah ngatur tarif parkir tukang parkir dikasi 10ribu gag ngasi kembalian elektronik kerja sesuai sop yg,Positive,2,2
gt bro mksd q ak kalo mtor dikasih 2rb diem aja pdhal dtmpat 1rb diem klo 2rb ad yg ngasih kmbalian kyk gak ikhlas gt lho berasa dipalak ajakalo setuju tarif aja yg dipinggir jalan,Positive,2,2
tiwas e parkir neng hos cokroaminoto mending e parkir e dikekne pasar legi lk luwih cocok,Positive,2,2
panggah cilik seng gae susah,Negative,0,0
mesti lek gae aturan mendadak dadi keteteran opo meneh tuek umur 50th wes gak nutut,Negative,0,0
bagusan e parkir dana yg masuk maksimal tp klau lhat tren pemerintah uang2 dr pendapatan pajak rawan d oknum2 jd aja intinya uang nya gak tau kmana,Negative,0,2
mengurangi penghasilan ketoro jukir nakal,Negative,0,0
tukang parkir parah alun2 pilih parkir motor bayar 5000 opo ngaleh ra gelem ngalih o piye lo kiih,Negative,0,0
mambengi 3000 sak motor neng festival lur,Positive,2,2
iki pakai karcis nek sadurunge manualan akeh sing ora ta masaku kabeh mandaran,Negative,0,2
okeeee kakak semangat,Positive,2,2
wis ora melu saiki sing ngurusi kancane roy karo anak buahe agus yayat,Negative,0,0
oke siaaap ngono tertib,Positive,2,2
aq pilih elektronik ae min wis males ngadepi jukir sg diwei sewu ditampani diwei rongewu ra dijujuli ayo dishub galakkan eparkir aja,Negative,0,0
okeee awakmu tim elektronik ya kak ben tertib ya,Positive,2,2
sek proses luurr jenenge perubahan jaman kabeh kudu beradaptasi eparkir sy setuju disatu sisi muaranya tdk pengentolan harga parkir,Positive,2,2
minn menawii dirimu ngerti dalan ngarep omahku kokk wenehi plang e dishub kiro2 opo selawase yaa minn lokasi rsu muhammadiyah tambak bayan ngulon minn,Negative,0,0
mending parkir manual bayar e tetep 1000 parkiran kab ponorogo,Negative,0,2
garis bawahi tebali mengurangi penghasilan ya klo niat pakai eparking mbok iyo to jukir bimtek latih ben gak bingung,Positive,2,2
naaah benul wis jajal eparkir durung kak,Negative,0,0
mergone nek parkir eletronik kertase ora iso dirubah 2000 3000,Negative,0,0
enak pakai e parkir kayakny,Positive,2,2
kak pasange,Neutral,1,1
ngene jane ya masuk wae lur ya piye jare jalarane merga enek sing ngenthol barang ki komen dhuwur kunu gari gelem tertib tarife ora,Positive,2,2
paham niku minn sing enjing jam2 8an dereng kepasang lhaa sonten niki wau kokk mpun entenn rambu stop s dishub,Positive,2,2
kayane ya wis diwenehi lur ya butuh penyesuaian ya muga muga isa lancar,Positive,2,2
lhadalah iki anu nek iki,Negative,0,0
siaaap awakmu tim elektronik ya kak,Neutral,1,2
jane eparkir i cocok e gae lahan seh enek khusus parkir koyo mall toserba utowo pasar lek peruntukan gae lahan parkir terbukapinggir ratan i cocok soale mesti ribet tp lek manual ya sek akeh jukir seh nakal mboh bingung,Negative,0,2
rekayasa lalin kayane ya enek acara ning jalan alun alun sih lor iku ben lancar ngono,Positive,2,2
hooh sih bener lhaaaa dadi awakmu tim manual parkir kak,Negative,0,0
tau ngerti to duit 2000 2 ne dicoret dadi 3000,Negative,0,0
tau lali nggone ngendi lur sing kaya ngono wi,Negative,0,2
mbenjeng,Neutral,1,1
enak eparking,Positive,2,2
iyass,Neutral,1,1
rodok bahaya lek iki,Negative,0,0
okai kak,Neutral,1,1
awakmu tim kak manual elektronik,Negative,0,0
banaya piye kak,Negative,0,0
oke awakmu tim elektronik ya kak alesane kak,Positive,2,2
kono kono aturen ra mangan gapuro,Neutral,1,1
iki lo min seng gaene parkir ng sekolah lek mbayar mbenjeng mbenjeng ae,Positive,2,2
byuh gapura ngendi ikidadi pilih manual eletronik no,Negative,0,0
wes gaiso parkir liar neh min parkire,Positive,2,2
weh cash bon,Positive,2,2
wehehe salah siji alesane enek e parkir kayane iku kak,Negative,0,2
iki sak eroh ku lo ya teko kuto sing wis ono eparking gak ribet pembayarane soale g atek duwek ngetap kartu luwih higienis luwih tertib pembayarane soale tertera area ne ugo tukang parkir penghasilane luwih iso dijagakno soale digajibln paham karepe podo enake awake dewe pemakai jasa parkir jukir lan pemkab masalahe saiki ponorogo wis tah gawe ngelaksanakno sosialisasi opo wis masyarakat kabeh ngerti gawe rambu ae dadak sik ngenteni kejadian marka jalan akeh sing durung dibenah garis hilangpudar owalah ojo grusa grusu,Positive,2,2
agus yayat kecekel silop min,Neutral,1,1
panggah penak manual sat set,Neutral,1,2
hooh parkiran enek 2 panggon siji dicekel kancane roy sijine dicekel anak buahe gawane agus,Negative,0,0
okeee awakmu tim manual ya lur,Neutral,1,1
naaaaah iku sik uji coba bakale dievaluasi sik,Positive,2,0
eh sik sik pengahasilane yabukane wes digaji to minkok paham ak,Neutral,1,1
lha kuwi sik uji coba lak sik hasil kayane,Positive,2,2
penak nk parkir ra sah bayartrus jukire digaji pemerintah ngono,Positive,2,2
minkalau lapor ttg pembangunan jalan didesa gmna ya minsaya tinggal sawoo desa aja yg gak bangun jalan nya desa dbangun,Positive,2,2
aq bolone tukang parkir,Negative,0,0
kalo persulit permudah auk ah elap,Neutral,1,1
kampungan,Negative,0,2
bos berek,Positive,2,2
teknologi melebihi akal sehat 2023 ngurus surat2 nek kantor deso ae kon foto copy ektp kog parkir pake elektronic,Positive,2,2
mugo ae nek khilangan tmpt parkir ganti 100 hehe,Positive,2,2
maleh gk minat dolan rno min,Positive,2,0
ngurusi urusan sing gak urgent,Positive,2,2
r ndwe e money,Neutral,1,1
manual,Neutral,1,1
semangatt,Neutral,1,1
tu klo ga ditindak lanjutin ga adil,Positive,2,2
luweh ikhlas duit sewu rongewu nggeh kang parkir tinimbang diakali nduwuran sing eneeeng ae carane gawe proposal alat eparkir ben amrih cair dana ne,Positive,2,2
pendapatku tetep penak parkir gratis,Positive,2,2
alhamdulilah semangat gak bayar eparking kalo baiklah lihat terimakasih waalaikumsalam,Positive,2,2
nyuen nyuen i lakon,Negative,0,0
pendapat ku apik lor mergo ben ora hasil dr prkir langsng disetor ne nge apbd ngo bangun2 op kono ben ponorogo luweh maju dlm segla,Neutral,1,1
tuku alat modern jalanan berlubang nambal gak,Negative,0,0
ebesss,Neutral,1,1
dadi netizen tenan saki wani ngritikwkwk,Neutral,1,0
lawong pegel lo mas,Neutral,1,1
lanjutkan,Positive,2,0
kokean tetek bengek ra karuan sek menak jaman bien rono rene cepet ora macet ora ubengan,Negative,0,2
parkir gacoan sih uanehhhhh muesti ga enek uang kembalian muesti,Negative,0,2
2000pyakeh kae sing 500010000,Positive,2,2
lahan kususne kota lahane kusus rodok angelkakean omah dllgelem py parkir ombo neng lapangan kodimtrs acarane neng alun2,Positive,2,2
yoo diomongii aturane 1000 lo nek gak ngnu karo muleh butuhw diwei 5000 masaku ket jaman disek yo tekan 5000 parkire,Negative,0,0
kesel ngangkutingko biaya nehtukang angkut2,Negative,0,2
diomongi jawabelione yo limang ewulak ra gelem bayarojo parkir ne kenepy trusan,Positive,2,0
5000 jga pas acara nek sya yo maklum trah gowo mobil motor lempit yo gk kenek mas maaf hnya berpendat,Positive,2,2
berpendapat,Neutral,1,1
aji mumpung to maktrs gunane perdabisa diubah trgantung sikongt to,Neutral,1,1
trus kemana mas aturan perda sudh tapii urus sekrg parkirnya dilahan pemilik cnth didalam pizza hut iya bilang aturan perda la lahan la tempatku lo mas sya yo bayar pajak koyo gk ngerti ponrogo ae mas akua 2000 aji mumpung kadang yo didol 5000,Positive,2,0
tujuan dr postingan iki yo ikueparkirutk lbh menertibkan parkirjd jgn mikirehalah mandak rong ewu ae kokla 2000 x loopo neh sing 5000 xbrapa kali lipat sdgkan yg kekota ora mesti arep ne alun2 tokkadang arep tuku klambipo neh pas bododilok neng toko atoko btoko cneng alun2mergo gak cocok pakianepiliane dllla kui ws muni lo parkirekadang mulih sik rung opo sing digolekimuk bayar2 pkr aja,Positive,2,2
e parkingo yo tetep mbayar mas marai ya iku lo mas fikirane bedo bedo mas pomokno tok a b c d sampek z urung temu bajune yo tetep bayar 1000 peng intine dilempit mawon mas kendraane,Negative,0,0
pake emoney aja tinggal tap gitu enak pakai qr code,Neutral,1,1
lohla ra byr ki pydg eparkirmungkin lbh trtib lagilak bayar 2000 yo 2000krn wis dideteksi ama mesin tsbmungkin lo ya,Positive,2,0
mas merka lahan yo mengupkan biaya parkir lo contoh raya poper luwes pcc lahan ya aji mumpung intinya smga dilncarkan riskinya sedekah parkir 1000 rupiah diwehne ngan ngnu diwei 1000 sek nesu parkir 2000 ora mbok wei susuk mesti muni matursuwun opo meneh seng mbok wei mbah mbah tuwk mesti ditambah ngantos ngatos mas mbak,Negative,0,0
laah tonggo ku ngono an,Neutral,1,1
cocok,Positive,2,2
alun alun ya d kasih e parkir,Positive,2,2
yg lahan ndiri dibahaskn yg dbhas td ttg etilangya jls yg hubnya dg pemda wakmisalnya yo parkir ne jln hosalun2,Positive,2,2
sepemikiran request diluar nalar bmkg,Neutral,1,1
anu e mas parkir ng lapangan nko mlaku ng gon tujuan e puenak requestmu diluar nalar bmkg lahan e ndak ono full omah,Negative,0,2
setujuopo meneh sing gaene blojo bahan kadang toko satune kosong pindah toko liyanesik kas sak nyuk an ae parkir barang sing goleki durung,Positive,2,2
nya pindah negara gimana,Negative,0,0
ribet komen ndk msuknakal mending diam,Negative,0,0
sui sui kno e toilet barang iki ngko,Neutral,1,1
mbok ngono ojo bawa uang banyak2 mbk in 2ribu aja,Negative,0,0
fungsi trotoar pejalan kaki angkringan,Neutral,1,0
jukir jenenge berek ngasi bingung kwi lodiwarai ngasi isa,Neutral,1,1
bayare tetep gae tunai min,Positive,2,2
maar nih melenceng topik info obat penghilang strechmark,Negative,0,0
ya allah,Positive,2,2
sing nek parkir mobil gede opo truk yo pikir kancane no ben ora ngebek i dalan ngono kae,Positive,2,2
la ngono kwi mbayare pie moso ws gae alat kyo dc mbayare sik manualyo podo ae boong dongsak ora2ne gae kertu,Negative,0,0
etil ae mbalik manualkok njajal liyane,Neutral,1,1
wes ketebak endinge,Neutral,1,1
cobain deh mba produk ampuh banget say produknyaa strechmark parah setelh pemakaian rutin ga strechmarkan lagii deh mba,Neutral,1,2
e parking keharusan,Neutral,1,1
dpn sebrang pizzahut pernh parkirmobil 10 rb g disusuki,Neutral,1,1
sip lanjutkan,Positive,2,0
emang beneran ampuh nih mba udah bpom mba nihh,Neutral,1,1
hla iyo lopo meneh jukir e sing tuwo contone bapakkupiye trus an,Positive,2,2
udh tua bgaimna dongksiann ga ngrti gituan,Negative,0,0
iyessetuju biar biaya parkir tarifnya jelaskadang gak dikasih kembalian,Positive,2,2
iyaa iya mba bpom ampuh nih strechmark bekas lahiran hilang memudar pakai produk,Positive,2,2
sek sek lha iki bayare gawe opo ta gess qris,Negative,0,0
ngakak,Negative,0,2
rakyat kantong pegawai pajak,Positive,2,2
iya mba bpom ampuh strechmark bekas lahiran hilang memudar pakai produk,Positive,2,2
iku bayare gawe qris iso opo gawe kartu emoney,Neutral,1,2
mikir gawe alat kui mbok mikir nang engon parkir sing luas ura nang pinggir dalan kiwo tengen garai sempit dalane wes kelongi kanggo trotoar sakmno ombone yo gone parkir sik ng pinggir dalan pok ae to yo yo macet,Negative,0,0
tuku mainan neng boro2 parker 5000,Positive,2,2
rakyat bayar pad pad,Negative,0,0
kakean polah dana pembangunan monumen reog pemerintahannya cari dana jalanan gt penggunaan eparking alokasikan emang lahan parking dipingir jalan gt,Positive,2,2
siplanjutkan,Neutral,1,1
yok iso yok kuto kuto gede wes lumrah banget eparkir saiki gilirane ponorogo iso nyusul ketertinggalan,Positive,2,0
ditertibkan tukang parking byk yg ga jlas dksh 1000 2000 2000 ga dikembalikan5000 jg,Negative,0,0
nek bayare tunai tetep panggah isaw up,Positive,2,2
wajar sehari tau berkelanjutan efek kedepannya,Negative,0,0
bernasib karo etilang,Neutral,1,1
parkir alon alon timur pizza hut 10 ribu 10 ribu kali brapa ratus mobil hasilnya ngerti dewe,Positive,2,2
pemerintah yo kudu ngomongi tukang parkire kerjone ojo mung nompo duite tok njogo lan merapikan kendaraan sing tenanan lan ngarahne kendaraan sing arep mlebu metu,Positive,2,2
adaptasi,Positive,2,0
ribet eparking mending kasih fasilitas lahan khusus parkir biar gak parkir dipinggir jalan yg solutif gituloo,Negative,0,2
dana bocor korupsi duwuran,Negative,0,0
jalannya parkir telortoarnya jualanmantap,Positive,2,2
nyapo g gawe gedung parkir kei boom gate secure p centre park iss ngunu ngidul e gawe ya modif ben nyaman bayar e becak iku soko parkir retribusi parkir gedung moco 9 omset parkir iku ono akeh pilihan pembayaran gak gawe aplikasi maneh ngembek ngebek i hp tpi lek kur dilut parkir pinggir dalan ae limit 7 menit luwih soko iku angkut nang gedung parkir,Negative,0,2
ya ditolakdia gak duit tambhan pemasukandan rawan pungliklo sdh pungli preman,Negative,0,0
lbh anyel barang yg dicari gak adadan muter nyetori parkir,Positive,2,2
pelan pelan,Neutral,1,1
kadang suka heran kokkota bingung memperlebar jalan klo bingung mempersempit jalanente kadang2 ya,Positive,2,2
tp nek gonq seikhlase bos yg minimal sesuai perda yg berlakumanualklo gone erepane pean gmn bos,Positive,2,2
tp nek gonq seikhlase minimal sesuai perda tp jg ngono podo kesadarane seikhlase podo abotmalahan motor 5rb nang seputaran alunpodo gelem,Negative,0,0
gk ribet nih min jal lek ruame,Negative,0,0
iyaa kadang belanja keperluan gag parkir,Positive,2,2
aneh e,Neutral,1,1
kakean rengkek min parkir 2000 ae bodo umek ae ngurusi kuii mbok tukang parkire djak ngurusi samlah sampah opo ditambahi pengahasilane ben karo nyapu ratan merwat bunga seng neng pinggur pinggir dalan kae gae wes enek patugase nyatane samlah yo sek numpuk neng endi endi,Negative,0,0
ga berlaku,Neutral,1,1
jukirnya training,Neutral,1,1
seng sabar ya jukir,Positive,2,2
teknologi msa kadang yg muda aja yg gaptek apalgi bpk2 jukir ekstra utk belajar lgi,Positive,2,2
kaboten setor paleng wkwwkwk,Neutral,1,1
ya kaboten setor jugakan jukir ndk indo kebanyakan berumurya kalo berumur sekolah ndak papa baca lha kalo dak sekolah ya kasian,Positive,2,2
alasan wae,Neutral,1,1
apik,Neutral,1,1
rumit cuan nya 2kmotor skrng 1kmotor,Negative,0,0
nice,Positive,2,1
bner,Neutral,1,1
kebiasaan 2 ribu dapetnya,Neutral,1,1
ya jukirnya sepuh wajar sih kalo bilang rimit,Neutral,1,1
pakai tas biar gampang bawa nya,Negative,0,0
ora iso ngentit,Negative,0,1
sek durung terbiasa suwe2 karek merem iso,Positive,2,2
coboy,Neutral,1,0
iku masalahe ki nggur durung kulino ae,Neutral,1,1
koment ter cakeeep,Neutral,1,1
lanjutkan eparkingsampek berlaku tenanan pokokemengurangi parkir ilegalangger mandek endi enggon kenek parkir motor 2kbasamu wes nompo duite ditinggal ngalihmboko ditulisane motor 1ktetep dikon mbayar 2k,Neutral,1,0
pas ono konser denny caknan karo mnc tv poro jukir iso gae ngredit motor ngertio difkir fkir sakjane yo mesakke dilain sisi greget yo lur,Positive,2,2
lhaa ndalahpodo sek ngenes awakmu wae parkir mobil ning ngarep pendopo ditarik 2000gek blas karcis ngono kui piye jal indonesia arep dijak maju angel to mbalek maneh nang sdm,Negative,0,0
kalo alesan ribet ya belajar kalo gak ribet ya ganti pekerjaan gantiin kerja,Positive,2,2
regenerasi ae ga sihh,Neutral,1,1
mlampah wae nek mboten purun parkir ngono wae og bingung,Positive,2,2
ribet sg ribet kw kui wg djak penak kg angel negoro kog arep maju djak pnak ae modelan ngene ki sg garai ra maju2,Negative,0,0
wkwkwk parkir e akeh yo adek lahan parkir piye masuk ra,Negative,0,0
ben,Neutral,1,1
arep komen bak e ws enek sng muni,Negative,0,0
y tukang parkir nolak y setorkan hasil beda,Neutral,1,1
yo jukire wae seng ganti,Neutral,1,1
lek raiso gawe alataplikasi ne ganti sg enom kualitas sdm updated,Positive,2,2
pensiun,Negative,0,0
tenaga yg nganggur,Neutral,1,1
terwakilkan twrnyata,Neutral,1,1
orang yg menolak kemajuan mengeluarkan alasan yg ribet susah,Negative,0,0
pas e parking 2 ribukemaren gak e parking 3 ribu,Positive,2,2
lucu,Positive,2,2
gak tau lahparkir manual seng ngentit jukirla ko gawe e parkir seng mangannek podo ora transparan yo ora ush wenei parkirwong duwe motormobil yo wis mbayar pajekkok yo sek mbayar parkiraneeehhh toooo,Negative,0,0
masyarakat ora menolak jukir tok sing nolak,Negative,0,0
gasssss,Neutral,1,1
sing muni rumat rumit dicutik ae suwen,Neutral,1,1
ribet opo emang moh belajar padene ben mbalik manual meneh,Negative,0,0
setuju banget lek diterapno gawe kebaikan,Positive,2,2
parkir nang ngarep latansa duit 10rb arep ora disusukiduit e lebokne kantong lsgdikiro kene ra ngerti pd etok2 berpaling mukamboso dienteni duit etok2 digoleki seng 10rbdelalah nang tumbukan duite enek 10rbdi iya i wae trs agi disusuki,Negative,0,0
duduk seng nang latar e latansa lo yaseng dalan hoskan parkire dewe2 iku,Negative,0,2
nek ra gelem dadi jukir munduro aenek maju2 keterak motor ngko,Neutral,1,1
kalo pakek eparking kena brpa permotor,Negative,0,0
motor diwalik e ora,Negative,0,0
kadang diwei 5 ewu gak jujul alasan gak ketok ngamal,Positive,2,2
parkir kemarin masjid alon2 acara senam paud 5k tdk karcis parkir,Positive,2,2
lanjutkan e parkir â biar pad,Neutral,1,1
jukir setornya dinas perhubungan bulandan dipatok tarif setornyacara ngentitnya gimana ya mbak,Positive,2,2
jenenge belajar ki yo alon2 urung2 wis sambat,Neutral,1,1
mbok yo nng poper pisan kek i e parkingangger rono pas parkire ngalahno kota,Positive,2,2
la nggeh to mbak bener jukir resmi iku ya e setor ya setorannya enak men bilang ngentit pendapatan daerah parkir pas acara kemarin kasih tarif mahal orang tukang parkir resmi,Positive,2,2
pie ale ngentit mas la jukir iku ya ya bayar setoran ndek dishub lo,Positive,2,2
setoran e sesuai dishub ta e,Neutral,1,1
emmm no komen mbk nopo nolak,Negative,0,0
bener bayar sg dibayar karo pemasukan e bedo wkwkw pengunjung parkir kebanyakan ga diwei karcis karcis e maleh dadi akal akal ane jukir sg senengane main pungli,Positive,2,2
seng dibayar teng dishub niku nggeh sampun target kaleh kantor e lo mas ng setoran e mawon nggeh golek i e wonge mas,Positive,2,2
okaayy,Neutral,1,1
nyuwun sewu parkir pinggir jalan kados jalan hos niku tarif bayare pinten geh sakniki tirose enten sing roda 2 2000 roda 4 5000 nopo leres soale nembe dek wingi pas badene parkir mboten enten sing mapakne moso bade wasul langsung diparani gek bayar 5000 biasane disusuk i 2000 mboten nggeh leres menawi eparking dipun terap aken damel antisipasi pungli jukir meniko,Positive,2,2
ng alunalun 3k,Neutral,1,1
kalo acara 5k kaum pelajar keberatan,Positive,2,2
laiyoo mayan ya 5 ewu kenek gawe tuku jus opo pentol goreng wkwkw,Positive,2,2
nek ruwet pecat ae jukir e,Negative,0,0
padine ra iso ngutel ae kakean alasan ribet pegel ki motor ra kapakne nk parkir yo sek panggha jaluki duwek parkir nk ngaleh,Negative,0,0
ribet penghasilan jukir berkurang drastis ayoo gas kemajuan eperkir aja,Negative,0,0
jukire sepuh,Negative,0,0
wkwkwkwk,Neutral,1,1
no comment urusane pusat,Positive,2,0
jukir emg cm dikenai wajib setor klo e parking gak gitu konsepnya,Negative,0,2
iya eparking aja karna lbih tertib ga marai emosi soale marai emosi jukir sg diwei 1000 tpi ra gelem nampani mekso kon 2rb sdangkan disaat ra enek duit receh eparking emng butuh sosialisasi penggunaan seiring brjalannya terbiasa,Negative,0,0
barang opo wi,Neutral,1,1
penghasilan berkurangpernah parkir motor salah ruas jalan hos cokroaminotosaya kasih 5ribuankok dijujuli 2000 aq yo nge gas tosejak parkir montor malih 3000 trus mbi jukir e dijujuli 3000 alasane salah ndudut duit,Negative,0,0
faktanya jukir kuwi curang wes narik e 2000 sing disetorne mung sitik,Neutral,1,2
setuju eparkir,Positive,2,2
njaluk pemimpin e ora korupsi rakyate dewe hobine yo korupsi,Negative,0,0
nahhh klo kaya gini enak jdi harga parkir ngga sndiri wkwk,Positive,2,2
helih lagek iki isuk enek acara tk ning alon2 motor ditarik 3000tak lokne mung mesam mesem jukir e nemen lak golek bathiii,Negative,0,0
peningkatannya yg nya masuk jukir tuh,Negative,0,0
arep tuku klambi ning ninetynine tp ora enek sg digoleki metu sek bayar parkir,Negative,0,0
pakai ecard aja lgsung tempel gtu,Positive,2,1
data lengkapnya min,Negative,0,0
makan rakyat makan wakil rakyat,Neutral,1,1
keliatan punglinya sblm eparking pad 71jt eparking 134 juta oknum pejabat ae sing seneng duit panas kebanyakan jukir senengan e pungli makane diterapkan eparking menolak ketar ketir pemasukan menurun mergo wes gaiso pungli neh sing jukir nakal,Positive,2,2
jaman pasar malem wingiparkir ditekok i byar pinten paksak ikhlas e mboso diwei rongewu lek ngomng jane telungewu lo mbk,Positive,2,2
alasan knapa muales lak kon metu2 mandek pirang nggon parkir e wes muni po mneh lak tmpat e rame saiki rata2 3k,Positive,2,2
nek wes akeh hasile tulung ojo korup,Negative,0,0
bahu jalan parkir ya gak tertibkan garis sepadan jalan fasilitas parkir klo bahu jalan seakan uangnya fasilitasnya gak parkir jualan fasilitas tolong plisss pad sejalan peraturan,Positive,2,2
iki ws arp event grbg sur area aln wajib eparking bn ora meresahkan,Negative,0,0
truspajak meningkat fasilitas meningkat jg nggih,Negative,0,0
mohon tukang parkir kalok niat parkir,Neutral,1,1
setujuuu pollllll ndue rm yoan tukang parkirku gae ne ngentit jamin parkir pinggir dalan yo ngnoo wajib eparking,Negative,0,0
sing nolak2 kon prei ae dadi jukir,Positive,2,2
sek mending mba 3 rb pas rme rme e 5rb wkk,Positive,2,2
wkwkwwkmlahan,Neutral,1,1
joss biar ngga dipalakin parkir liar,Negative,0,0
setuju bang,Positive,2,2
jukir berkompeten cekatan cak cek,Negative,0,0
ya edukasi ae titik ribet te ae lek wes berlajalan sistem e yo mempermudah e,Negative,0,0
ebes melbu ig coy,Neutral,1,1
wih 13471 selisih pinten niku,Negative,0,0
keras men ajae mbak,Neutral,1,1
sabar mbak ben dibales si ng nduwur,Positive,2,2
ribet ceperan ne,Negative,0,0
praktik korupsi selisih 63 jutaan,Negative,0,0
lanjutkan eparking nya,Positive,2,2
moborobo parkir mobil ja ditarik 5000,Positive,2,2
rubicon,Neutral,1,1
semangat perubahan,Positive,2,2
coba kalo full model kayak e toll top up saldo tp mudahnya gak ribet jujul hehe btw bayar via sopipaygopay gak,Positive,2,2
pelatihan,Neutral,1,1
ntar terbiasa butuh,Negative,0,0
terbiasa ribet,Negative,0,0
ribet blm terbiasa jukirnya ber umurjadinya gaptek,Negative,0,0
lanjutkannnn,Neutral,1,1
menuntut gaji umk ponorogo menuntut pembekalan sop diperhatikan gaji umk ga sesuai sop,Negative,0,0
adakan pelatihan jukirnya biar sat set das des gak ngantri kaya spbu tdk pelanggan parkir nyantai yg buru2 cepat drmh 7an,Positive,2,2
diajari penggunaan alat elektronik parking tp diajari parkir kendaraan yg,Positive,2,2
jajal parkir online aah,Negative,0,0
kesepakatane podo nolak la ngene akhire,Neutral,1,1
intine. lek noto amrih pemasukan daerah meningkat mengurangimeniadakan kebocoran. oke oke wae. imbal balike masyarakat meningkat,Positive,2,2
koyo tau ra asing seng numpak montor kui,Negative,0,0
enek sing luweh sekedar e yo iku ora ngilang nek pas parkir teko pas arep mbayar,Positive,2,2
semangat perubahan,Positive,2,2
terbiasa ribet,Negative,0,0
coba kalo full model kayak e toll top up saldo tp mudahnya gak ribet jujul hehe btw bayar via sopipaygopay gak,Positive,2,2
ribet blm terbiasa jukirnya ber umurjadinya gaptek,Negative,0,0
lanjutkannnn,Neutral,1,1
pelatihan,Neutral,1,1
ntar terbiasa butuh,Negative,0,0
parkir pakai digital petugas mengurangi jukir liar setuju berdasarkan perda 2024,Negative,0,0
kebnyakan tukang parkir ponorogo masuk toko tukang parkirjalan d parkir nya makan jalan separo,Negative,0,0
kebnyakan tukang parkir ponorogo masuk toko tukang parkirjalan d parkir nya makan jalan separo,Negative,0,0
gak pake parkir berlanggan pake stikermenolak e parking emange jalane mbah mu,Positive,2,2
turu ae gak eparking males kerjo upah,Negative,0,0
terobosan hebat alhamdulillah kota ide brillian tinggal kota dimana salah kota perasaan sejengkal tanah tukang parkir sampaisampai beli barang sepele aja ngga kebeli krn uang berkurang bayar parkir sanasini ngga setor pemerintah jujur motor hilang ngga ganti uang parkir utk kepentingan pribadi utk pengusaan lahan parkir jualbelinya nyampe ratusan juta milyaran hilangkan tukang parkir manual menjadijadi ganti dg eparkir uangnya utk menambah blt masyarakat miskin kasih cangkul sabit barokah parkir menyusahkan masyarakat parkir manual membantu masyarakat arah premanisme,Negative,0,2
eparking d pinggir jalan emang sulit g enak ruwet mending benerin lahan parkirnya biar jalur masuk jalur krn mudah dikerjain duluan tuh tahapannya masak mie didihkan airnya jgn langsung masukin mie nya lodoh,Negative,0,2
alah gabisa korup kalo pake eparkir,Negative,0,0
semoga dibayar menggunung,Neutral,1,1
parkir liar lahan basah orang malas,Negative,0,2
ga ribet ga kerja,Negative,0,0
alhamdulilah semoga parkir alfa indomaret,Positive,2,2
alasan rumit mrk ngambilin uang parkir karcis resmi enak bener gada bedanya kang palak lanjutkan eparking,Positive,2,2
simpel aja sih jalan bangun pemerintah ya apapun kegiatan diatas nya milik pemerintah sepenuh nya kejujuran transparansi,Positive,2,2
jp salah kerjaan unfaedah,Negative,0,0
rumit ga masuk kantong,Negative,0,0
rumit tp ga masuk kantong ya jukir kasih karcis parkir,Negative,0,0
rumit tpi penghasilan meraka berkurang,Negative,0,0
rumit belom beradaptasi klo yg ngomong jukir merepotkan karna ngak uang gelap parkiran klo e parking sdh dipahami matilah jukir nasional,Negative,0,2
oo ponorogo yg kota reog ya daerah terkenal dng negeri balon nya,Positive,2,2
dinas pemda hrs dipelototin krn pemasukan pendapatan daerah rawan dikorupsi,Negative,0,0
semoga pengelola aplikasi dibayar kabur alasan korban dianggarkan,Negative,0,0
main idea is good but the device needs more efficient,Positive,2,0
rumit parkir pakai sistem elektronik urus korupsi yg 2 parkir 2000 motor mobil 50 000,Negative,0,0
alasanmu ae,Neutral,1,1
maju manusia butuh adaptasi,Neutral,1,0
rumit kali ytta,Negative,0,0
mendukung mu pal e parking,Neutral,1,0
what do u mean by more efficient is it too heavy they want easy life,Negative,0,0
blm prnah liat sistem parkiran mall kah,Negative,0,0
bingung pengoprasiannya pandai mengerti huruf baca,Positive,2,2
namanya orang tua coba anak muda udah cepat,Negative,0,2
